time,Trace Velocity,EngSpd,MotSpd,GenSpd,EngTrq,MotTrq,GenTrq,Battery Current,Battery SOC,Battery power,<BattPwrLoss>
450,0.0,-2.6406301645613595,11.236923769532009,-9.171298214334293,0.0,-5.574264658765342e-73,0.0006959451923111,-3.702473527480205e-06,57.89914574677765,-0.0005167999264495,4.266933128154245e-13
451,0.0,-2.373768747652011,7.557531494020417,-7.463460460468334,0.0,-1.1115886109180063e-81,-2.531185033506471e-05,1.9784367644850138e-07,57.89914575313628,2.7615483700315948e-05,1.2183617613456579e-15
452,0.0,-2.136749193716528,5.166193232657042,-6.215735269757167,0.0,-2.2166676962128793e-90,-0.0003998434433974,2.4605593809006538e-06,57.89914574654441,0.000343450640737,1.8845150637003682e-13
453,0.0,-1.9251382543520448,3.5838882524434155,-5.271449497948293,0.0,-4.420354461328815e-99,-0.0005733053124439,2.9898213058498394e-06,57.89914573452679,0.0004173262596368,2.7824180200547815e-13
454,0.0,-1.7354958117182564,2.5173811267057387,-4.533121132025005,0.0,-8.814823077528656e-108,-0.0006354793881063,2.848173148685387e-06,57.89914572191913,0.0003975546781444,2.525019218922348e-13
455,0.0,-1.5651061771533503,1.7860346184053577,-3.939407376417068,0.0,-1.757802605376894e-116,-0.0006387126636512,2.4865799003369027e-06,57.899145710485136,0.0003470826457583,1.9245834642372062e-13
456,0.0,-1.4117626951504365,1.27694221644644,-3.450862862943388,0.0,-3.5053114195186796e-125,-0.0006123923916498,2.087703963832391e-06,57.89914570071449,0.000291406608444,1.356656012826312e-13
457,0.0,-1.2736181272754532,0.9181387627456676,-3.0413906747612685,0.0,-6.990095537589416e-134,-0.0005725702185629,1.719860148220382e-06,57.89914569259523,0.0002400621072283,9.207000761697411e-14
458,0.0,-1.1490874459698577,0.6627508587921199,-2.6931656293870594,0.0,-1.3939256681318397e-142,-0.0005278099377093,1.403588704594414e-06,57.899145685940525,0.0001959161984631,6.132134070090358e-14
459,0.0,-1.0367859011272815,0.4795857486742145,-2.3936107114078635,0.0,-2.779688428903594e-151,-0.0004825590369424,1.14032867668056e-06,57.89914568052292,0.0001591697472443,4.0475479677921996e-14
460,0.0,-0.935488961135614,0.3474714953019946,-2.133572612773343,0.0,-5.543098845533081e-160,-0.0004390335324038,9.246407875473856e-07,57.89914567612621,0.0001290635265618,2.6612030124213035e-14
461,0.0,-0.8441053308756459,0.2517883835769958,-1.9061983516577308,0.0,-1.105373699147626e-168,-0.0003982531200567,7.49287745592957e-07,57.89914567256253,0.0001045873383063,1.7475482362624932e-14
462,0.0,-0.7616577392015064,0.1822951231137387,-1.7062262514042037,0.0,-2.2042742675461e-177,-0.0003606040456771,6.072269388731032e-07,57.89914566967466,8.475815821088393e-05,1.1477147757741331e-14
463,0.0,-0.6872684271631344,0.1317338482330747,-1.5295262088502573,0.0,-4.395640180612789e-186,-0.0003261434205503,4.922876741242775e-07,57.89914566733396,6.871466645908058e-05,7.543446879886331e-15
464,0.0,-0.620147592855176,0.0949138337398623,-1.3727933428287369,0.0,-8.765539244318894e-195,-0.0002947630763262,3.9930703124049364e-07,57.8991456654359,5.573621057192959e-05,4.963017738923005e-15
465,0.0,-0.5595838005595878,0.0680965479835456,-1.23333841447478,0.0,-1.7479746996257392e-203,-0.0002662773761834,3.24059764183993e-07,57.89914566389589,4.523302081259094e-05,3.2687532315158147e-15
466,0.0,-0.5049357800951526,0.0485750240987829,-1.1089409187399408,0.0,-3.4857131607869534e-212,-0.0002404699075974,2.631245069134657e-07,57.899145662645765,3.672753489663084e-05,2.155035908068216e-15
467,0.0,-0.4556252735518691,0.0343814700875407,-0.9977438168152064,0.0,-6.951013788634862e-221,-0.0002171179504506,2.137437877782477e-07,57.89914566163049,2.983485847337391e-05,1.4220632555202097e-15
468,0.0,-0.4111307149930072,0.0240813127842316,-0.8981766100361447,0.0,-1.3861322048336207e-229,-0.0001960049404588,1.736986727016684e-07,57.89914566080561,2.4245267527888283e-05,9.391282655429432e-16
469,0.0,-0.370981600966222,0.0166265818588351,-0.8088981289738681,0.0,-2.764147141267949e-238,-0.0001769264614507,1.4120347056889208e-07,57.89914566013514,1.970951111244717e-05,6.206155523146227e-16
470,0.0,-0.3347534512948655,0.0112506696967098,-0.7287533045864895,0.0,-5.512107280919055e-247,-0.0001596927668993,1.1481990097548942e-07,57.89914565959005,1.6026830679873786e-05,4.103611594749027e-16
471,0.0,-0.302063284460927,0.0073923089741737,-0.6567400246642899,0.0,-1.0991935350599181e-255,-0.0001441294599702,9.338811247752517e-08,57.89914565914675,1.30353314493459e-05,2.7146578995137823e-16
472,0.0,-0.2725655474345556,0.0046403913987511,-0.5919833735122986,0.0,-2.1919501307602787e-264,-0.0001300772177674,7.59715802172131e-08,57.89914565878615,1.0604291087943833e-05,1.7965289997432982e-16
473,0.0,-0.2459474131579327,0.0027291967549629,-0.533723958369134,0.0,1.682305163307023e-05,-0.0001175600928828,6.194363764895782e-08,57.89914565849262,8.64623801162736e-06,1.1943327018682975e-16
474,0.0,-0.221926783528022,0.0015894349160926,-0.4813293438257091,0.0,5.059389864937825e-05,-0.0001064234218691,5.060873819516445e-08,57.89914565825286,7.064086200172612e-06,7.972287114601145e-17
475,0.0,-0.200253087747718,0.0009348876511898,-0.4341687174199456,0.0,6.58834375917893e-05,-9.624256596923647e-05,4.127914004661482e-08,57.89914565805716,5.761839041200936e-06,5.303873955779981e-17
476,0.0,-0.1806969848777733,0.0005580361279531,-0.3916814638772635,0.0,7.101591807053943e-05,-8.696708453949393e-05,3.3640949135380135e-08,57.89914565789762,4.695682465591311e-06,3.522641060284767e-17
477,0.0,-0.1630512287668273,0.000340234358497,-0.3533821246051529,0.0,7.069531241706634e-05,-7.854508742483675e-05,2.7404730218814977e-08,57.89914565776768,3.825216424335958e-06,2.337668767410455e-17
478,0.0,-0.1471289715943292,0.0002136142123722,-0.318845026596092,0.0,6.757448064121007e-05,-7.091544892654711e-05,2.2319869745920853e-08,57.89914565766176,3.115459691064692e-06,1.550655143072754e-17
479,0.0,-0.1327617376854009,0.0001393416341031,-0.2876932168499367,0.0,6.313910912095598e-05,-6.401363926501805e-05,1.8176468366425613e-08,57.89914565757551,2.537114022894628e-06,1.0283736073807063e-17
480,0.0,-0.1197975788397125,9.518803576297774e-05,-0.2595906499058295,0.0,5.821078736676094e-05,-5.77759460136944e-05,1.4801325287739629e-08,57.899145657505294,2.06600364756988e-06,6.819195142215859e-18
481,0.0,-0.1080994282481588,6.842321910329037e-05,-0.2342364393989899,0.0,5.32340987017036e-05,-5.214172923909818e-05,1.2052476682847603e-08,57.89914565744812,1.6823129216444715e-06,4.521520582919163e-18
482,0.0,-0.0975436285982039,5.175080984926097e-05,-0.2113604211016162,0.0,4.844049282642819e-05,-4.70544682449703e-05,9.813927978802673e-09,57.899145657401554,1.3698510509737303e-06,2.997903473322368e-18
483,0.0,-0.088018611900041,4.09835894885593e-05,-0.190719578854567,0.0,4.394175659323379e-05,-4.246213070839578e-05,7.991051104385616e-09,57.89914565736364,1.1154096277632186e-06,1.987649155100285e-18
484,0.0,-0.0794237128274667,3.371387093967964e-05,-0.1720950652673018,0.0,3.97832514551755e-05,-3.831717566554077e-05,6.5067116678460154e-09,57.89914565733276,9.082220529679392e-07,1.3178167908690128e-18
485,0.0,-0.0716681005690783,2.8552950574965215e-05,-0.155289653901155,0.0,3.5974163565115145e-05,-3.457636730928332e-05,5.298063091935474e-09,57.89914565730761,7.395160541523344e-07,8.737077013439985e-19
486,0.0,-0.0646698164897446,2.469602762129431e-05,-0.1401255206292795,0.0,3.250462662286487e-05,-3.120049892543862e-05,4.31391315945563e-09,57.89914565728714,6.021461017504859e-07,5.79261559291183e-19
487,0.0,-0.0583549066249438,2.1673269989786805e-05,-0.1264422876162356,0.0,2.935535471082524e-05,-2.815408200979876e-05,3.512569122536537e-09,57.89914565727046,4.902926243725622e-07,3.840446070501197e-19
488,0.0,-0.0526566393786382,1.9207348150682224e-05,-0.1140952845917852,0.0,2.6503007085176972e-05,-2.540503038377004e-05,2.860078039688371e-09,57.8991456572569,3.9921639092946765e-07,2.546171654759023e-19
489,0.0,-0.0475147998936866,1.7131867398328496e-05,-0.1029539949448096,0.0,2.392312621014996e-05,-2.2924354977703427e-05,2.3287915205360903e-09,57.89914565724585,3.2505817434162e-07,1.688080427582038e-19
490,0.0,-0.0428750534870996,1.5344637431008233e-05,-0.0929006621530564,0.0,2.1591700656069327e-05,-2.0685876827728998e-05,1.8961958493761313e-09,57.89914565723684,2.646754574452097e-07,1.119175760496343e-19
491,0.0,-0.038688371337057,1.378087270931825e-05,-0.0838290372106127,0.0,1.9485952960259197e-05,-1.8665961506981264e-05,1.5439588080670474e-09,57.899145657229525,2.1550938629898606e-07,7.419990190525141e-20
492,0.0,-0.0349105123034601,1.2397798683178564e-05,-0.0756432511797358,0.0,1.7584694600555587e-05,-1.6843275712063628e-05,1.2571532411523694e-09,57.89914565722356,1.7547639358574022e-07,4.919357117954056e-20
493,0.0,-0.0315015553779889,1.1165788012418368e-05,-0.0682567994447029,0.0,1.586844282407642e-05,-1.519856544202419e-05,1.023624722847991e-09,57.89914565721864,1.4287993608951444e-07,3.261470429845085e-20
494,0.0,-0.0284254778069936,1.006323638932021e-05,-0.0615916260715605,0.0,1.4319409571092115e-05,-1.3714454613759028e-05,8.334765336911283e-10,57.89914565721476,1.1633860653010761e-07,2.162313531340989e-20
495,0.0,-0.0256497744198531,9.073582975565414e-06,-0.0555772981048002,0.0,1.2921424938524229e-05,-1.2375262628535648e-05,6.78650343833662e-10,57.89914565721157,9.47276043551428e-08,1.433587016877391e-20
496,0.0,-0.023145114134955,8.183562011509597e-06,-0.0501502607935293,0.0,1.1659830051787623e-05,-1.1166839354551335e-05,5.525847253681703e-10,57.89914565720882,7.713107009078944e-08,9.504508514901074e-21
497,0.0,-0.0208850300105956,7.382162617273949e-06,-0.0452531657157248,0.0,1.0521358569575626e-05,-1.00764159809775e-05,4.49937097167238e-10,57.8991456572068,6.280327375124417e-08,6.3013777688182956e-21
498,0.0,-0.0188456395637169,6.659997968952392e-06,-0.0408342646084809,0.0,9.494017391210407e-06,-9.092470321675144e-06,3.6635731681563745e-10,57.89914565720502,5.113701227038875e-08,4.1777423389396224e-21
499,0.0,-0.0170053924001787,6.008911631078151e-06,-0.0368468624460621,0.0,8.566971775027888e-06,-8.204605170314852e-06,2.9830332640258127e-10,57.89914565720369,4.16378769097254e-08,2.7697980472836005e-21
500,0.0,-0.01534484248912,5.421723180321905e-06,-0.033248823956246,0.0,7.730437749345635e-06,-7.403438522989838e-06,2.428910436993597e-10,57.89914565720271,3.3903300717404506e-08,1.8363476956959198e-21
501,0.0,-0.0138464426747321,4.892055881825455e-06,-0.0300021283429183,0.0,6.9755825275464426e-06,-6.680504461794234e-06,1.9777213603778618e-10,57.89914565720159,2.7605497919931052e-08,1.2174807988581364e-21
502,0.0,-0.0124943592537994,4.414214545892362e-06,-0.027072467499903,0.0,6.294433500417902e-06,-6.028163734007084e-06,1.6103449946719172e-10,57.89914565720091,2.247757256982545e-08,8.071788386577134e-22
503,0.0,-0.0112743046596233,3.983093524192217e-06,-0.0244288834645434,0.0,5.679795179675153e-06,-5.439523030893071e-06,1.3112122453925578e-10,57.8991456571998,1.8302207600092423e-08,5.35152927059499e-22
504,0.0,-0.0101733864840861,3.5941050831514897e-06,-0.022043441276844,0.0,5.125173940115247e-06,-4.908362154821893e-06,1.0676461454894015e-10,57.89914565719912,1.4902454935764816e-08,3.548024296828044e-22
505,0.0,-0.0091799712425968,3.2431203150783552e-06,-0.019890933785373,0.0,4.6247097977102505e-06,-4.429068295187186e-06,8.693246163468582e-11,57.89914565719887,1.2134236586150583e-08,2.3523171093556007e-22
506,0.0,-0.0082835614421296,2.926419849696037e-06,-0.0179486152795406,0.0,4.173114738150309e-06,-3.996576725808828e-06,7.078430177632371e-11,57.89914565719887,9.880238614992696e-09,1.5595733927648061e-22
507,0.0,-0.0074746846534087,2.640651113840038e-06,-0.0161959611328723,0.0,3.765616980443558e-06,-3.606317278330346e-06,5.7635796299432186e-11,57.89914565719887,8.044939427430774e-09,1.0339904028982013e-22
508,0.0,-0.0067447934150533,2.382790874799824e-06,-0.0146144509171542,0.0,3.397910585395589e-06,-3.2541660516469205e-06,4.692972971030473e-11,57.89914565719887,6.550561579884345e-09,6.855324515274398e-23
509,0.0,-0.0060861749118863,2.150112366484452e-06,-0.0131873726953362,0.0,3.066110057999632e-06,-2.9364018406690267e-06,3.821239538447016e-11,57.89914565719887,5.333775639153052e-09,4.545068550174494e-23
510,0.0,-0.0054918694730401,1.940155747178076e-06,-0.0118996464250216,0.0,2.766709277929952e-06,-2.649666804548965e-06,3.11143674310631e-11,57.899145657198446,4.343016274214205e-09,3.0133797418165774e-23
511,0.0,-0.0049555970286076,1.750701740961353e-06,-0.0107376646064493,0.0,2.4965444878943616e-06,-2.390930994897671e-06,2.5334844762785493e-11,57.899145657198446,3.5362969648426693e-09,1.9978754364264173e-23
512,0.5,0.4874918462502436,27.630066656609937,-7.425154094256544,0.0,6.667024618464756,-0.0631760260662026,0.1503529893429445,57.898943300440855,20.98591450138266,0.0007036478847947
513,2.5,2.287336373475968,154.77556226273177,-42.55886259952753,0.0,28.18903517514424,-0.2909452337476998,3.701511730447624,57.89244662605504,516.2352659231736,0.4264501917498749
514,6.6,5.511301623203136,456.18609973721794,-128.11182240810655,0.0,57.51567025996104,-0.6922965213887055,23.962016990372728,57.83813834380912,3326.558051118304,17.86403470752056
515,11.8,8.368409900371727,893.3246931807467,-256.1333221283604,0.0,73.8840753770272,-1.0524738332633017,58.18929489645013,57.66154482200337,8014.492238215951,105.20639961507015
516,16.8,9.54601484033346,1348.3374346880437,-393.2813904586855,0.0,70.89668504555918,-1.238108858676511,83.24819067992391,57.35808431727028,11396.8734826237,214.83870764100905
517,20.5,8.78967266941741,1702.8419861631378,-503.7606343190746,0.0,52.01340081706829,-1.2229162948136143,77.05534907511779,57.02075620429865,10559.467107221995,183.59547148072429
518,21.9,6.16975178643545,1863.421771698894,-558.7388299273749,0.0,20.036300197479065,-0.996631529745583,32.56772792431322,56.80735638377706,4506.084472210275,32.74385619394152
519,21.9,3.761637753644219,1865.6914805992133,-564.6512331705618,0.0,0.4303461225221989,-0.8047010838253404,1.132032645940758,56.75441299018574,157.71174545219344,0.0395456388452948
520,21.3,2.3618375119230186,1796.0785042800674,-546.3097827447704,0.0,-5.044850968345339,-0.7106474428473266,-5.608914422101612,56.77651190168322,-782.6189607923737,0.9709817004169448
521,20.3,1.4547144680611654,1705.7752883820945,-520.5508445281733,0.0,-8.278093245466572,-0.6387255981730691,-8.941791570886746,56.8140266603021,-1248.6667620723506,2.46845906789192
522,19.2,0.8433811907370509,1610.89686017753,-492.74616689274205,0.0,-8.943780519973856,-0.589808173899791,-9.103432054178136,56.85405580219961,-1271.3793966648434,2.559285977572179
523,17.8,0.083266635211082,1499.07974848606,-460.0634032811094,0.0,-11.930062981259333,-0.5134862516586909,-11.309807429990537,56.90202617141082,-1580.4329035887645,3.95163348369052
524,15.5,-1.3150396156464277,1330.658245254569,-411.3849900822678,0.0,-21.50216218873598,-0.3524499197299853,-18.29290456772643,56.97750511374353,-2560.561455122341,10.34378860235344
525,11.9,-3.221068276372175,1080.0192285964172,-338.5591289917819,0.0,-25.679156654982528,-0.1218379697303564,-17.8324794227737,57.072321759625325,-2496.2146772311294,9.836694364666243
526,7.6,-4.751358930356321,781.44959193218,-250.20404232828452,0.0,-12.593484299214955,0.0767612676927102,-6.3944134384014175,57.12805631840626,-892.9029962522943,1.2653483127110523
527,4.0,-5.140388254492352,509.4825870805495,-167.55757234929482,0.0,-8.35285142384748e-05,0.1552471035910442,-0.0153202487930367,57.13515962336152,-2.13627814325584,7.263795559366056e-06
528,2.0,-4.409749376817765,320.10399603122426,-107.83198381156394,0.0,-1.687256200603049e-13,0.11092070677118,-0.0070356569513823,57.13519435841449,-0.9810606499758348,1.5319387500229657e-06
529,1.0,-3.626569845449117,200.8112533006748,-69.51013680787386,0.0,-3.40272300627317e-22,0.0667288722068673,-0.002726453948945,57.13520935820908,-0.3801797326108198,2.3005330285226283e-07
530,0.0,-3.479349997052228,99.09139504804756,-37.96138194603188,0.0,-6.785519477764358e-31,0.094438916797159,-0.002138444489105,57.13521999881098,-0.2981870131677129,1.4152336184526138e-07
531,0.0,-2.5355655279437155,59.38144350001725,-23.724867930926848,0.0,-1.3706675156683136e-39,0.0160992026401733,-0.0002238333208398,57.135222731067344,-0.0312115472709456,1.5505353052121786e-09
532,0.0,-2.1620346388284664,38.18353813881516,-16.407424656940247,0.0,-2.7333083262903616e-48,0.008006331658378,-7.679554272985373e-05,57.13522330102193,-0.0107084487090544,1.8251737464697335e-10
533,0.2,-1.7339077122239543,34.80443242462728,-14.441669670877214,0.0,1.7894087556708536,-0.0179090680724918,0.0544639849529371,57.13512323738247,7.594420690870056,9.180169183941374e-05
534,1.2,-0.6199957308866301,86.2781496726881,-27.829653932711828,0.0,13.505551881791025,-0.1349697456204751,0.9799376007181304,57.13322665272664,136.61345357048924,0.029718198351289
535,3.2,1.1178096858857756,225.22521421798243,-66.72362563611945,0.0,29.099104685896904,-0.3296957754819446,5.670791815727477,57.120107935770726,789.7309984437485,0.995107470658082
536,5.2,2.0925401045764174,401.0399353332188,-118.59253954115609,0.0,31.07255295123789,-0.4312378979106935,10.9997033937623,57.084236393914026,1529.9647835020714,3.743059927726133
537,8.2,3.6988442208436703,635.6087634421078,-187.1272993185851,0.0,42.95144819784446,-0.6444693338331102,24.366353025459023,57.00854091024801,3378.7503663644397,18.356814593444877
538,13.0,6.63588229001614,1005.59397297381,-294.35437646417245,0.0,66.74185503743406,-1.029036413852408,58.887500677424086,56.82908596930593,8100.2378374326,107.07118930958636
539,18.8,9.363945466305932,1492.7061662808158,-437.9973636948399,0.0,80.95873858168282,-1.3887369271465295,105.24714439099654,56.47529815417786,14317.871034953918,341.1000309417133
540,23.1,9.078370028118457,1909.371704680644,-566.543774347788,0.0,60.83108368228495,-1.3987547963022715,101.04056186523044,56.0389646551612,13748.222879589042,313.33662185132056
541,24.5,5.92808730881458,2086.0571770978804,-627.6164742849772,0.0,20.329675062624947,-1.1026044280868343,37.02196308389016,55.77393897557289,5108.009725495952,41.98176203301651
542,24.5,3.333900126254349,2084.148499731842,-632.6487660426073,0.0,-0.0247814740445986,-0.8962317731165969,0.5475295471830368,55.71644475453061,76.14880483476325,0.0091783838756743
543,24.3,2.3835531331117483,2036.722676487467,-620.1445415523004,0.0,-0.8922045706615066,-0.8542550333793812,-0.710466614047002,55.72268005917776,-98.8381606538328,0.0154546483903731
544,23.6,1.548620573959779,1967.2301201133912,-600.618516656473,0.0,-4.836713113956535,-0.7864485655166266,-5.901253346355855,55.74609628289981,-821.9346773104409,1.0664437795687045
545,22.3,0.5301195595734738,1862.9429918134256,-570.8075854993438,0.0,-10.599866233888337,-0.6873640090985661,-12.722594853471456,55.79684867656114,-1774.8232067113695,4.958714761617647
546,20.1,-0.907517554357512,1700.6734848798142,-524.1031756978854,0.0,-20.10941423206862,-0.5286346853233383,-22.183915112183517,55.88714343450153,-3101.5785981939607,15.086669027791826
547,18.5,-1.0582962834732934,1566.949244266853,-483.3739039519351,0.0,-14.411653437737,-0.5177313155227619,-14.436264836908498,55.95609557482095,-2015.1592257338712,6.392268764279277
548,17.2,-1.161724673595552,1455.1416414568002,-449.27101347619225,0.0,-11.33597605460629,-0.4977210649818442,-10.431896764367885,56.00492147598665,-1455.0240567136505,3.3391316871045023
549,16.3,-1.0613153439696223,1371.0307582696248,-423.2298492066519,0.0,-7.024920363648064,-0.5007172500399238,-6.001110641266373,56.03480099485802,-836.25599593237,1.1052719318643696
550,15.4,-1.2168826555216536,1292.2541801682084,-399.3809098147031,0.0,-6.525685361683012,-0.4704984556563299,-5.240926935793729,56.059018826833714,-730.235052024632,0.8431449007983238
551,14.7,-1.1945364784148702,1227.6941791236352,-379.5115633775041,0.0,-3.979963648852092,-0.4630860196735889,-2.966830654039521,56.07427867136443,-413.18259422199947,0.2702228112899811
552,14.3,-0.9989794175801552,1184.5228451963023,-365.833580593247,0.0,-0.9075270604332712,-0.4750328816920672,-0.5234775249715744,56.07888975393087,-72.86467511357745,0.0084129406952597
553,13.7,-1.1955132440187997,1134.360418048985,-350.8587107374968,0.0,-2.2211191069942613,-0.4385333709337015,-1.4644844572297926,56.084755956121256,-203.89126772782453,0.0658477114718932
554,13.3,-1.1005354884044525,1095.5378879244736,-338.73376027308666,0.0,-0.4911916683737006,-0.4402265350801221,-0.2020329973811361,56.08686484042469,-28.12010510100337,0.0012532067987136
555,13.1,-0.9045472733538712,1071.297081246718,-330.8664901699472,0.0,1.9146308084977264,-0.452967792763077,1.9757995214165545,56.082051448131686,274.8685162988354,0.119852737361276
556,13.1,-0.6093065104120613,1065.4453424335709,-328.4302019106139,0.0,4.867494956014845,-0.4777726029859246,4.776659656942011,56.06624978804751,664.0873056135244,0.7004199822712026
557,13.3,-0.2607744659721281,1078.7937470662198,-331.77332132951807,0.0,7.685740296226468,-0.5103584580704894,7.550748426037124,56.03851501832792,1049.0652147159312,1.7498392969208956
558,13.8,0.2258316418785458,1116.147079201701,-342.18702493511364,0.0,11.652990072261266,-0.5636365513704148,11.753829308852518,55.99537214319006,1631.3774445341724,4.238714212235935
559,14.5,0.68531212316239,1173.9809726516933,-358.9477084126236,0.0,14.335874088310025,-0.6154171953023018,15.150423432489395,55.936396442459454,2101.0350410283545,7.039302931390982
560,16.5,2.341955354063065,1314.5134801585857,-398.50252291429626,0.0,31.15839500899687,-0.8280866369777573,36.21727089225078,55.81970118031845,4998.258179869076,40.19064065582515
561,17.0,1.5414759963900324,1403.7974601941692,-427.6532539671044,0.0,12.42303083016629,-0.7124437223056583,15.681771869299446,55.71594813161048,2173.707498666436,7.52904186863746
562,17.0,0.5907661180407584,1412.2156225311896,-432.2957846355992,0.0,3.8765802661619886,-0.6304781515197265,5.094994241511961,55.67779713569323,707.8448317523064,0.7945299442343723
563,17.0,0.3225522195566451,1402.615434244901,-429.9284373342667,0.0,3.7537144203277584,-0.618888031532283,4.905875493724018,55.65740682325371,681.5773871419858,0.7365262912360191
564,15.4,-1.3585416091280007,1297.2593748516365,-401.2240814735389,0.0,-13.252948484552451,-0.4187242980262645,-10.9023385132423,55.69112664745399,-1520.028292873803,3.638366359222794
565,10.1,-5.323306035562922,962.869853197059,-307.1410615020783,0.0,-29.720454388101707,0.0633250076234061,-18.582296970782824,55.79950240595154,-2595.6207258588565,10.578530016969088
566,4.8,-6.801611349830464,599.1367362353581,-198.6791676576093,0.0,-0.3077562030190318,0.2806329107047421,-0.164406426792158,55.8352299714125,-22.87313309421836,0.0008282902246991
567,0.0,-7.514756314039083,244.38505255461212,-91.31243522104646,0.0,-6.196836624221476e-10,0.3966887248368891,-0.022049328210331,55.83537122109148,-3.0675274244958417,1.489828051812566e-05
568,0.0,-4.137472269748416,138.69052340522038,-51.54489770738526,0.0,-1.267768309152239e-18,0.0439087738767515,-0.0013326043892851,55.83539390378237,-0.1853925867210124,5.4418676729955095e-08
569,0.0,-3.2765190526410346,90.25732631010622,-34.80970688719692,0.0,-2.5281124966540507e-27,0.0193125162698477,-0.0003944159469079,55.83539698861173,-0.0548713319992707,4.767101953867477e-09
570,0.0,-2.85646931453723,58.33635109832995,-24.0993000356414,0.0,-5.0414202262128986e-36,0.0119078997517049,-0.0001681955469413,55.8353981140513,-0.0233994424557245,8.669109710625241e-10
571,0.0,-2.5276442975648616,37.57736316333358,-17.01347253118691,0.0,-1.0053317615773208e-44,0.0073101734531098,-7.281084412092576e-05,55.83539860222124,-0.0101294781797057,1.624567070063373e-10
572,0.0,-2.247422621252034,24.30496814283152,-12.331467478424315,0.0,-2.0047762445611242e-53,0.0041754633828114,-3.0098288565342332e-05,55.8353988098093,-0.0041872877341356,2.7760617218706968e-11
573,0.0,-2.005854477500532,15.887357660315738,-9.223715703047992,0.0,-3.99781240816541e-62,0.002153262804523,-1.159015176273381e-05,55.83539889330128,-0.0016124272320656,4.116458677892011e-12
574,0.0,-1.7961341902927292,10.539747278455463,-7.127511497713639,0.0,-7.972213404982811e-71,0.0009340418255061,-3.87847085575784e-06,55.83539892392336,-0.0005395746444303,4.609635436662916e-13
575,0.0,-1.61246912201903,7.108474219238887,-5.676109456108024,0.0,-1.5897741085793834e-79,0.0002428653456004,-8.018266609318567e-07,55.83539893289904,-0.0001115504927767,1.9701826945091592e-14
576,0.0,-1.4502345740961309,4.872395151769569,-4.638085745062108,0.0,-3.1702384117436007e-88,-0.0001256359317117,5.794072381124033e-07,55.83539893322996,8.060740065075015e-05,1.0287582888081871e-14
577,0.0,-1.30592037342245,3.388481984486837,-3.869817589123132,0.0,-6.321911731394091e-97,-0.0003072505161881,1.1811889273727292e-06,55.83539892917923,0.000164327545182,4.2754737984486854e-14
578,0.0,-1.176890971806744,2.3854450514090457,-3.2823039433297927,0.0,-1.2606801996811666e-105,-0.000384950216279,1.2542803165273828e-06,55.83539892386663,0.0001744960527512,4.820973327903576e-14
579,0.0,-1.0611306894279675,1.6958571702655163,-2.819774416750286,0.0,-2.5139777861429765e-114,-0.0004068860990065,1.1382679860713328e-06,55.835398918719534,0.0001583563641466,3.9704027021561075e-14
580,0.0,-0.9570456047053836,1.2147720384875882,-2.44655515521196,0.0,-5.013233578840013e-123,-0.0004000628411313,9.706052460712042e-07,55.835398914207744,0.0001350310468842,2.8868936385694806e-14
581,0.0,-0.8633292604250749,0.8750762793560419,-2.139210516611333,0.0,-9.997109383598838e-132,-0.0003792722167852,8.042829364389253e-07,55.83539891042025,0.000111892210908,1.9822718999413227e-14
582,0.0,-0.7788773927024908,0.6329085905252887,-1.881881739514364,0.0,-1.9935675139789773e-140,-0.0003524666945413,6.573431079435517e-07,55.83539890730528,9.144987459342408e-05,1.3241273087477952e-14
583,0.0,-0.702734963465541,0.4589884282899042,-1.6635099339763053,0.0,-3.975460585949517e-149,-0.0003238397524579,5.337519980437862e-07,55.83539890476848,7.425582271475927e-05,8.730207022046193e-15
584,0.0,-0.6340629146950311,0.3333868683795293,-1.4761586114937366,0.0,-7.927640654062497e-158,-0.0002955426983222,4.321740506904484e-07,55.83539890271187,6.012425210250838e-05,5.7235158289215044e-15
585,0.0,-0.572116539109562,0.242310933316507,-1.313979553522362,0.0,-1.5808856604456495e-166,-0.0002686265013396,3.496064222314121e-07,55.8353989010476,4.8637405771221855e-05,3.7454527163368026e-15
586,0.0,-0.516230634775994,0.1760807376324795,-1.1725595945337444,0.0,-3.152513566721728e-175,-0.0002435541226983,2.828269347626022e-07,55.83539889970124,3.93470128536341e-05,2.4512468483186884e-15
587,0.0,-0.4658086744562661,0.1278264928014438,-1.048497113242385,0.0,-6.286565839026554e-184,-0.0002204780182303,2.2891846834082866e-07,55.83539889861188,3.1847242285790784e-05,1.6058581409041213e-15
588,0.0,-0.4203144295589331,0.0926296740743148,-0.9391202076457134,0.0,-1.2536317199584065e-192,-0.0001993900912436,1.854123534996577e-07,55.83539889772992,2.579465163963537e-05,1.0534716383373226e-15
589,0.0,-0.3792651705244871,0.0669448676117727,-0.8422944594497344,0.0,-2.49992210298592e-201,-0.0001802025402745,1.5028325640210186e-07,55.83539889701528,2.090747554312748e-05,6.920965888992429e-16
590,0.0,-0.3422259430595371,0.0482032985373157,-0.7562888087320401,0.0,-4.985204523386578e-210,-0.0001627912785945,1.218937547204222e-07,55.835398896435805,1.695791505124151e-05,4.553112956121797e-16
591,0.0,-0.3088046273987135,0.0345366700474197,-0.6796800627709079,0.0,-9.941215412396384e-219,-0.0001470190675908,9.892860464322921e-08,55.835398895965696,1.3762992841862927e-05,2.999088502422695e-16
592,0.0,-0.2786476024003055,0.0245823336863154,-0.6112836854421985,0.0,-1.9824214515582423e-227,-0.0001327476449461,8.033369605338542e-08,55.83539889558402,1.1176060632152691e-05,1.977611652431788e-16
593,0.0,-0.2514359001924435,0.0173444328703422,-0.5501028342454979,0.0,-3.9532337330682e-236,-0.0001198438804281,6.526420784653283e-08,55.83539889527403,9.079586522691669e-06,1.3052558758712094e-16
594,0.0,-0.2268817734024704,0.0120941498474378,-0.4952902967011253,0.0,-7.883317109983967e-245,-0.0001081826945406,5.3042309561056786e-08,55.83539889502217,7.379270428848067e-06,8.621649561776813e-17
595,0.0,-0.2047256182455701,0.0082976058162313,-0.446119687780654,0.0,-1.5720469077433572e-253,-9.76482304261266e-05,4.312329475855808e-08,55.83539889481741,5.999332541140917e-06,5.698615889441544e-17
596,0.0,-0.1847332096917994,0.005563507014243,-0.4019633858662068,0.0,-3.1348878215435374e-262,-8.813409329458063e-05,3.506868627887866e-08,55.83539889465092,4.8787717159877545e-06,3.768638744105995e-17
597,0.0,-0.1666932132413371,0.0036049972279279,-0.3622754296482637,0.0,-6.2514175660122e-271,-7.954310335852432e-05,2.852493250914913e-08,55.83539889451546,3.968401690886404e-06,2.4934161372665947e-17
598,0.0,-0.1504149435102033,0.0022117904374375,-0.326578105961169,0.0,-1.2466226483792905e-279,-7.17868069374483e-05,2.320652474130277e-08,55.83539889440529,3.228502363451231e-06,1.6503107597489885e-17
599,0.0,-0.135725110371456,0.0012861697711555,-0.2944659431366524,0.0,1.8206572816211217e-05,-6.495829489300007e-05,1.8954786918880017e-08,55.83539889431554,2.6369986479471355e-06,1.1009898826125435e-17
600,0.0,-0.1224695622898257,0.0007513726320178,-0.26558140138631,0.0,3.301571601278966e-05,-5.878252383119993e-05,1.5475173924358013e-08,55.8353988942422,2.152913292560325e-06,7.338657041943787e-18
601,1.0,0.877873706772275,55.40691655983975,-15.105867431411482,0.0,13.293904122191226,-0.1271771015280334,0.6030698973362792,55.834586631948405,83.88812923821041,0.0111449500037293
602,2.1,1.545054569739294,146.5562576341508,-41.64680382093984,0.0,18.4405066893504,-0.2016037547154325,2.296357647422327,55.82858322912237,319.30540270518094,0.161585349702229
603,4.8,3.57679711258281,339.1297025300781,-96.36600894769984,0.0,38.771869931319046,-0.4677850346059132,11.589657816674595,55.80059692450974,1608.1577043715083,4.115014649456124
604,9.1,6.389315784759744,674.9337037254683,-193.37015493411155,0.0,60.72808389255038,-0.8255173174130637,36.98053893891616,55.69728441710395,5101.779550733497,41.86335251524652
605,14.2,8.70651065229706,1109.1194967079937,-321.6542734288676,0.0,72.15313735170226,-1.1346753634798288,70.0978687381687,55.46708600524079,9596.231588457536,150.1525652439303
606,19.8,10.46545494853202,1592.4823628565805,-466.24476516742567,0.0,77.99720552692604,-1.4096112046867155,108.39415192006663,55.083422536129056,14703.891254819637,357.97923017637714
607,25.5,11.622971040955074,2086.7559841865905,-615.487941838762,0.0,78.4736176903198,-1.6357044004951171,143.0783293979789,54.54451293714872,19243.12979458384,621.1460845321074
608,30.5,11.539313319053475,2525.047396772243,-750.234600123945,0.0,66.94383824882424,-1.72337437433855,147.04623481684692,53.92502536560403,19741.498838989257,652.9431068628852
609,34.8,11.00290445656186,2882.5570921943977,-861.156698699824,0.0,57.115726071488055,-1.783652140243961,143.32577525928627,53.31692914932241,19238.471637714058,617.3992760859934
610,38.8,10.870385958567246,3203.688511417492,-960.0357059163408,0.0,54.02298311826601,-1.8907479463686376,150.55099535519858,52.69502988434696,20154.67378418336,677.9195873309206
611,42.9,1866.613890480807,3462.5205096782856,2981.2755257774493,102.3000838392946,33.47273160653768,-20.699214988781836,56.91766066419867,52.210018147488256,7772.149375146065,96.52837012648789
612,46.4,2560.973728663992,3744.237372434318,4399.231902655468,105.98373762126396,35.86087006308416,-39.69710318788992,-14.57237171057833,52.17958113823612,-2020.8282294259757,6.325831403731729
613,48.3,2327.163483560896,3952.984229012675,3828.549319574223,109.18335239031848,17.466158315979765,-48.64860948996558,-73.44680549296046,52.45526436211237,-10319.676724033734,161.04299297526123
614,48.7,1838.009563825154,4028.7579528701744,2745.451619716877,107.92997246388836,-2.873256664151853,-52.02069553386573,-103.18263705973077,52.90514641508947,-14602.506539085776,318.9606076096476
615,48.5,1524.9205876520866,4013.703672776749,2071.716271441509,106.30141357160085,-12.599930268817408,-50.084709207798646,-101.45620241321228,53.359293490177,-14365.948372039124,309.46950022912773
616,48.4,1476.4459000841266,3982.346511564344,1976.316677744856,105.691410810174,-11.392066789284074,-47.62648455586502,-91.1187621687628,53.76680663947767,-12884.269803685096,250.40943713220244
617,48.2,1427.304440428913,3956.106637919053,1877.8991139174225,105.19204594327007,-11.077547740403054,-47.8973864893607,-87.2120204176959,54.1497612639397,-12330.42352324093,230.0781647420827
618,47.8,1326.1347608609422,3922.2789377309696,1669.0834453293603,104.09851505484336,-12.825706572196406,-48.15858824201406,-85.01088189819215,54.52260843724971,-12021.225208287256,219.24098729457887
619,47.0,1152.5809380301762,3862.865876923924,1311.2912838721936,99.4720048884332,-16.982543643546478,-47.2850131730726,-82.76690639756686,54.89141833069117,-11705.654874502548,208.41025450361255
620,45.9,972.2098867675664,3775.832299102581,947.2083115623718,90.22429965174096,-19.730791858963485,-43.53878902491225,-74.79709468511017,55.233138547550176,-10566.475543080029,170.6531670456457
621,44.9,900.8538674214572,3682.865574683653,821.1462337757135,86.64624211859359,-18.62879412495778,-40.36589024203632,-65.58034170695028,55.529966708122224,-9250.613578236153,131.48597048455412
622,44.4,998.1816092266388,3620.360601770637,1051.213176853027,92.42217615916869,-12.961862202895208,-40.765305865355614,-56.73342987482248,55.780521289851706,-7990.675586704029,98.59200092598586
623,44.3,1139.5524661555912,3600.542863828781,1363.600990089636,100.52194109530724,-7.876992470347534,-43.98332832297604,-55.89106802753796,56.01281606784529,-7873.661996944001,95.8556977572222
624,44.5,1253.169258445154,3616.239128317253,1604.951572106705,102.76038689925927,-3.4932380326823456,-45.76487417752474,-54.79946982975645,56.244447123863104,-7721.502950498022,92.31064599055344
625,45.1,1368.9332350330862,3664.648423128517,1840.911074340604,104.2309223766766,1.312451246138972,-46.07538583809884,-50.44664311595248,56.46136065772501,-7104.383278694114,78.35734114511044
626,45.7,1380.677832484865,3724.190431335984,1848.07660284028,104.5557644602373,1.381263852353254,-47.17208945445001,-51.851450132375454,56.68035161786161,-7307.544964346994,82.91988527475742
627,46.0,1277.7611348907524,3764.101999924242,1612.8364384331262,103.48091788737273,-2.6920041123776124,-47.87887833297433,-55.87027085705103,56.91916357413111,-7884.486650126993,96.44597868405206
628,46.0,1145.3866551087317,3773.42611609082,1323.1625570246845,101.6915309990178,-7.017806205436531,-47.476234416247,-56.89061118374701,57.1666512625365,-8033.407489496643,100.18818473200922
629,46.0,1099.6365410355952,3769.625107533345,1225.20491553126,100.77628504785352,-7.475827333268272,-46.2210328719603,-53.68797418612298,57.40252011249495,-7578.346825700646,89.38456116424292
630,46.1,1113.8579039567255,3771.211468205107,1255.5310137641975,100.87161341295136,-6.028538309240964,-45.72916018729699,-50.55297238534361,57.62295501587517,-7133.100901912727,79.38221370770415
631,46.7,1264.3876080638329,3805.238890680474,1571.2322842221715,102.7796450091626,0.2496378633002376,-45.013957872765225,-43.7060333963294,57.81416578425429,-6159.320921522298,59.42064142932977
632,47.7,1430.119668684406,3880.407863269026,1907.2400751769924,104.83876516521528,5.891665320292916,-45.562645323541766,-37.66876035659591,57.97800463400306,-5302.632483109658,44.19282818323866
633,48.9,1543.0886741521806,3982.264983750241,2120.7338054187003,106.05841170504152,8.852493896496426,-46.544375213839366,-36.34277484436258,58.13070983627896,-5115.897155278572,41.1834738447275
634,50.3,1643.9312297294327,4100.734812344573,2302.853646781872,106.65446201071384,11.200750617464475,-46.65178052541093,-34.036540011916244,58.27547332191008,-4790.12193289332,36.161703649085055
635,51.6,1653.2763929719315,4217.972820076127,2287.1068268793856,106.77914329040114,9.984999638366222,-47.60076374310187,-37.842205383952205,58.4325536381998,-5331.799666713413,44.75295630472206
636,52.6,1568.5092393312052,4312.596571431983,2074.3931596858333,106.38711609050064,5.939903576887403,-48.474254088438784,-44.827582717073845,58.61902550359257,-6328.048813474727,62.88760685174478
637,53.0,1357.3237131477135,4361.502336515255,1601.809188450478,104.63756799042524,-1.7216319348765028,-49.41891382441301,-55.29786057777647,58.85174930784668,-7827.701642760615,95.8618227067622
638,53.0,1163.0492820254829,4365.2423311218,1179.7335454370498,102.06395371600658,-7.361915666554354,-48.31262342025265,-56.3527747834948,59.098868941300594,-7983.50762574525,99.73772936518772
639,52.9,1079.3129899822825,4347.9520919766455,1003.6140149683172,100.51497454075518,-8.849197766485833,-46.582456187908576,-53.4074015446403,59.33465499700401,-7566.575685447498,89.74154694651281
640,52.7,1032.239757729399,4323.935784607221,908.9954582013582,99.64538407554582,-9.50219080474852,-46.05102574126114,-52.16608829998017,59.5615815392907,-7393.633935961106,85.76283004567209
641,52.6,1054.894120562268,4305.336070672429,963.790610056306,99.85651120274696,-7.978162689631842,-45.40871416022227,-48.72769861027449,59.77516116473469,-6905.375043731161,74.9483527534467
642,53.1,1265.6587488731052,4325.236837222184,1414.338255522461,102.63926818421324,-0.5355113324160174,-44.35027867011872,-40.18488473553866,59.95332577107265,-5686.8834086980505,51.03975821356573
643,54.3,1576.0788278800435,4407.809639574922,2061.564013487355,106.00787221584392,8.983725426195175,-44.49564315910359,-27.20675094543429,60.07941162335787,-3840.166968744549,23.40202407469663
644,55.2,1572.1909283860275,4503.508214241404,2023.756857404085,106.36651124638838,6.902253117781676,-48.28707781212814,-38.12260987406419,60.228304172356125,-5395.535063539051,45.94130698513849
645,55.5,1347.2663683766625,4555.18179874067,1520.554969315284,104.56936922898626,-1.1875062272536692,-49.916928957069786,-51.51043057860843,60.439340770345154,-7314.935550546969,83.8572501951284
646,55.9,1299.421324659873,4583.279212250513,1408.26585381021,103.60418048816734,-1.8437332203707333,-47.281264725745416,-46.9002217751693,60.64710243907449,-6655.919210125058,69.50460111430971
647,56.3,1301.3574997951237,4611.231699299208,1403.8790347137783,103.5555145173084,-1.5359136074329116,-46.947662442851154,-45.49905701748935,60.84404422796654,-6457.362759729451,65.40132524867185
648,56.7,1311.179005531434,4641.178852320203,1415.964627978117,103.67173638542744,-1.1952504208377732,-46.97372256111687,-44.89255361364688,61.03706437329881,-6372.229029277089,63.65756017105618
649,56.9,1248.2715089117803,4662.384971195483,1273.1539609685829,103.01350751355174,-3.2135494658587875,-47.68354054625345,-47.143028503966285,61.23812486197575,-6695.009664651819,70.18633648286826
650,56.8,1117.3859052197904,4660.972213623396,990.002039975722,101.28090086064375,-6.904738600732086,-47.83087889287863,-49.31722168898999,61.45031621094403,-7007.149424343462,76.79384550963469
651,56.0,821.5946286101263,4619.683971641489,361.7988130347808,90.21138134062876,-11.841643284129606,-46.93443698970096,-46.661011858063766,61.67631652869488,-6625.842794279814,68.72952403910716
652,54.2,213.72691556136925,4527.121397576461,-926.8542126482744,6.0776082396724815,-14.703115507577014,-29.796557749314733,-24.341123871435293,61.82260901309029,-3439.145516612615,18.70059007563193
653,52.1,-355.726654316711,4340.8207704890165,-2103.4482492794004,0.0506620702150309,-19.29203972647182,-4.5348742491052905,-47.43272994983137,62.009755048662505,-6736.794270712127,70.99900865814294
654,50.1,-381.516992956888,4165.65826213844,-2105.550067747988,0.0003411850102547,-17.44506376086081,-2.090450713578228,-44.80973929639623,62.204459395499015,-6365.706188665204,63.35190775992513
655,47.2,-352.1708286482201,3935.1192565357705,-1971.1876592433591,2.297731779804247e-06,-26.644330850881254,-1.6419479899304432,-67.959136696515,62.48300882784888,-9715.131004539871,145.67814581284492
656,43.2,-320.6087813314211,3630.8239352859728,-1809.3795613786865,1.5474674136827012e-08,-38.76510413254642,-1.355823896648904,-91.95843945822033,62.86778167385497,-13236.42584091136,266.63758632148176
657,39.2,-290.8158767506283,3320.116730978106,-1649.4355621677691,1.0421458956675492e-10,-39.93475477025984,-1.1892357041153336,-86.1120949605721,63.24848471146015,-12388.872727186872,233.72631872662268
658,36.5,-262.48132792090524,3089.570571506093,-1517.2618006483008,7.018678457544241e-13,-27.11987586086872,-1.1897304322360798,-53.50399734023093,63.5051993585834,-7644.59103643242,90.20790635978624
659,34.3,-237.1621946536469,2897.250029894081,-1403.3578111062527,4.726746995035435e-15,-21.727660387214524,-1.145839158789104,-39.74213323912427,63.68959978177163,-5662.151812736524,49.76196251934836
660,31.0,-215.79629330382195,2640.62238003651,-1278.2762911797738,3.183327641091385e-17,-33.02671135036203,-0.9231730239851198,-56.30375870113067,63.92519382899794,-8053.044478219068,99.85539573730895
661,26.0,-197.6130470488337,2271.971309242584,-1125.697401795405,2.1439445034043782e-19,-51.53179945253868,-0.5835856960094952,-76.25864714206932,64.25218911264288,-10960.875317272008,183.1210864998384
662,20.7,-180.4536486067932,1870.0811480755144,-965.1312528140857,1.4438449204204048e-21,-56.25534695408557,-0.3505458770975376,-68.16811686398285,64.56770854990525,-9786.16590399009,146.28200798895404
663,15.4,-164.67546912038583,1459.7169291224786,-804.9560063813633,9.723610620114108e-24,-57.59711373205942,-0.1479277569851689,-54.23414106482485,64.82975383920402,-7765.685676036979,92.56873369069504
664,13.1,-147.4419213553346,1226.5442412256398,-696.0246293417339,6.548891054194701e-26,-24.282357096221613,-0.3119640519594264,-18.72128015164327,64.94825382062412,-2660.3126749589187,11.02910661305874
665,12.0,-132.36904168992842,1093.575702675212,-622.5450922469236,4.4105670232682935e-28,-9.760552691229368,-0.3787306312206392,-6.492229480550091,64.98969991382366,-920.122329286044,1.3262935178554132
666,12.5,-118.12432080999916,1071.9846781399465,-585.0520939211374,2.9705576469088023e-30,5.249476115348218,-0.5327742898210895,5.23443598681083,64.98428877897895,739.9207954605873,0.8621721115914964
667,14.0,-105.00416497866746,1146.8542757151204,-579.6109606064252,2.0005296603968583e-32,21.3158540668236,-0.7105014378585796,21.702358841193256,64.9209471864256,3056.165825675469,14.821581512310486
668,19.0,-89.94226719924117,1479.468140021302,-649.0916785780777,1.3474416768465142e-34,69.12511353039126,-1.2912617715684158,88.07537665830809,64.67388727087975,12213.382370441102,244.17036961030348
669,23.2,-79.1879174925762,1878.6319194474904,-748.3486482591883,9.074380505597662e-37,61.82470596840712,-1.426196617286542,99.79848718817364,64.26996089379237,13791.546834798182,313.6177642499052
670,28.0,-69.45945314141794,2284.059072415774,-851.7413142407572,6.11116480774779e-39,67.39277395956348,-1.6498603571055528,132.014257416476,63.77134156584151,18095.736789330364,549.0383610017802
671,32.0,-61.9774949473454,2637.869642110377,-944.1582836244122,4.115579601760972e-41,55.09491249596064,-1.6922023415546523,124.18499116839568,63.23115569320655,17042.931929398135,486.0990399766949
672,34.0,-57.004011391202994,2838.8765909370877,-995.0965671115777,2.771647630408661e-43,29.545056308682863,-1.5391954376944597,72.30677058531552,62.83684299866628,10031.933603851265,164.85761903222206
673,36.0,-51.33442544550865,2982.7894754658755,-1026.9928474768783,1.8665732000088052e-45,28.194297561623376,-1.5739909580357048,72.65543392679542,62.53320783132826,10066.439331223231,166.49989439028556
674,38.0,-45.67876329241922,3130.7579591231074,-1060.167614161035,1.2570485052883183e-47,29.57392206754118,-1.6463017038254446,79.92759335410527,62.20765368448038,11040.205058653326,201.56123195737973
675,40.0,-40.4854186338693,3286.397494674885,-1096.6997427231163,8.465625375099895e-50,30.76084085582716,-1.7228593254613505,87.12683777075996,61.850082839592105,12004.014447884543,239.5887982218762
676,40.3,-37.61591396879734,3347.165166394554,-1109.1429841011588,5.70119710496753e-52,10.417768717882533,-1.563785466632477,31.187103515587108,61.61469828997939,4351.873508213319,30.70511970939876
677,40.5,-34.488986365798056,3348.234576008877,-1102.6929500927015,3.8394858016389207e-54,6.672690338444292,-1.520726646839746,20.490862380084035,61.51341802888805,2866.242391980729,13.25633254517344
678,39.0,-32.98898209969875,3237.2832388219854,-1065.378782941579,2.5858332185822145e-56,-12.188426789163977,-1.297238299949678,-24.705284573669232,61.571291533995385,-3491.0047718577,19.268970948645173
679,35.7,-32.28444350334041,2994.1039482506367,-989.1926085535404,1.7415530166578933e-58,-31.039290954948207,-1.0123623193447553,-60.38906974686443,61.8091340156287,-8601.345110013075,115.10557361320762
680,31.800000000000004,-31.014715231300254,2702.3473458317158,-896.8671758115175,1.1728533424029852e-60,-38.49066373022181,-0.8106206266987399,-68.18829231284494,62.10140202823078,-9733.03583148909,146.71599467286708
681,27.1,-30.178484636183835,2351.9217876879625,-787.4686483513748,7.898610892855018e-63,-48.16365271027181,-0.5669109967279455,-74.38648971668741,62.427544753176754,-10646.617666829245,174.54602436519286
682,22.8,-28.508841259249497,2015.5342267055453,-680.5738832560719,5.319339748728089e-65,-45.38557620132715,-0.4397881964632295,-59.65127427542612,62.70562792476139,-8519.695436576785,112.21354627082744
683,21.1,-24.592978451783253,1837.4719275677307,-617.4203514280471,3.582591619414237e-67,-18.80691299581484,-0.5985321454411953,-22.21379009520416,62.83201602586009,-3148.117368125859,15.559600221591134
684,18.9,-23.034348691352903,1650.2986312789085,-556.5781919869942,2.412705507730357e-69,-23.05785886216501,-0.4856533792845064,-24.334049896297724,62.93966915887641,-3451.77416139219,18.669684411908584
685,18.9,-19.360609903709985,1599.3548207330784,-532.9773622339368,1.624974061047589e-71,0.2497747781152711,-0.6720801719573372,0.6923641448139023,62.95723940544323,97.6724445694707,0.0151136720750145
686,21.3,-14.59010340189893,1719.275671808619,-559.4552154133618,1.0943490541105198e-73,33.67347469571201,-1.0275222736970735,49.9716844396357,62.83079910921949,6968.194374080187,78.74112078845042
687,23.9,-11.31345552541777,1937.650830775117,-619.4049928407226,7.369921751404255e-76,39.5759757772808,-1.1963143289573457,65.87295854938827,62.5771221123865,9142.539108376575,136.85913216280204
688,25.9,-9.832156113704007,2126.4458271626017,-674.1603591123188,4.963292691468449e-78,31.36380838127312,-1.2105579030987463,57.245723869954105,62.31876180034658,7951.939878894118,103.38399296028923
689,28.4,-7.798440622847898,2323.8387620121,-730.3551784412174,3.342542183231506e-80,37.06740389157696,-1.34362121423397,73.6637823705436,62.03551415556734,10182.025999511574,171.23531348054354
690,30.3,-6.784229716112029,2493.7248984340854,-780.317315319013,2.2510435997230055e-82,29.262791605112465,-1.3501615751497134,62.94781002965787,61.74996782865689,8720.731031337697,125.07358149642056
691,30.899999999999995,-7.06913424590617,2565.362687216337,-802.929702836744,1.515971081314833e-84,12.187623581504813,-1.2246962148752774,27.90842874773871,61.57183730699827,3897.262853590363,24.589480046465404
692,31.1,-6.99598166874479,2575.125245354833,-805.7668912625351,1.0209346099141122e-86,6.268522849702762,-1.1666416338959833,14.792235655871645,61.4894846556984,2071.7846139035228,6.908448493105856
693,31.800000000000004,-5.828162625404663,2607.302466661326,-813.1140466098177,6.87551029546333e-89,13.353506791406565,-1.2391639547678328,30.94595788481041,61.386640564135895,4318.479319104244,30.23873385592189
694,32.7,-4.635335385780151,2672.4754171006257,-830.5395302866679,4.6303300293638883e-91,17.252514813827435,-1.3053102611009155,40.67157409105332,61.2293669091729,5663.178338305646,52.240007141208906
695,33.2,-4.217105947607121,2722.6244767738613,-845.0311899415952,3.118307625104672e-93,12.575968045555804,-1.287582502377736,30.35014193449228,61.08172496643657,4235.887307628244,29.09405262489137
696,32.4,-5.213630794534204,2678.2406151392893,-833.562520408917,2.1000322618735244e-95,-4.844997977878794,-1.1119889596006625,-7.590965777317802,61.05778494855518,-1068.548630844877,1.8200646125317508
697,28.3,-8.533437620626648,2396.5192720472805,-754.2635174498994,1.4143818490395873e-97,-39.223209812215714,-0.6688498681770126,-61.933487717868665,61.290734412290426,-8824.403128260083,121.12862154206236
698,25.8,-7.797795803707004,2191.196792478621,-689.631215376315,9.525828329285257e-100,-24.25462605108908,-0.7012619573108005,-34.41698592468135,61.459783368149424,-4873.883972427496,37.39994250960781
699,23.1,-7.995614156405352,1978.925311223996,-624.8887995149366,6.4151935016021164e-102,-26.7105848312194,-0.5892569040022126,-34.45884439416936,61.611275439365386,-4879.852716060693,37.48552137075626
700,21.8,-6.747548041329443,1850.822431021434,-582.8543389660625,4.320527747379788e-104,-12.379217490490351,-0.6611505130377137,-14.665669160940288,61.69054367590887,-2067.698077613564,6.7894230341253605
701,21.2,-5.708914180531377,1778.184687622041,-558.3027947447899,2.909670484326491e-106,-4.451886727230738,-0.7051106490406962,-4.802789678288445,61.7200783869163,-675.6451285090207,0.7281216255452955
702,21.0,-4.875177371799784,1740.3084770344256,-544.8676545813291,1.959525044711289e-108,0.4539378474612215,-0.7359538483894068,1.066545897762018,61.72159551581233,149.84157171769417,0.0359066806947541
703,21.0,-4.170798847765544,1723.8192966689176,-538.2788215166194,1.3196471633246044e-110,4.134303342503445,-0.7629078280364914,6.499769531711834,61.70338941505631,912.053464832048,1.3335818123943082
704,20.9,-3.774230576722702,1713.0481820937837,-534.1133336797171,8.887197641953386e-113,3.6293450202727695,-0.755964292218876,5.717754267060696,61.67762703347906,802.4611229521003,1.0320136910019242
705,19.9,-4.398054085276245,1645.3818855087925,-514.6902942605419,5.985106028505427e-115,-6.59694701506359,-0.6340581266522001,-6.720378696530407,61.69398122733865,-945.8136280098274,1.4256573663048482
706,17.9,-5.406257023227641,1504.4154144644624,-473.5958547914222,4.030707661960824e-117,-17.30327774660341,-0.4714539610706676,-16.452163379341624,61.75849437787026,-2320.500953292013,8.543716097116747
707,15.1,-6.454921624239844,1304.1140601723455,-414.3715087038944,2.7144904050364173e-119,-26.46834286649434,-0.2965292452630211,-22.028171135378123,61.851943752637226,-3110.848824495084,15.315060383767731
708,12.8,-6.326600805879409,1125.4648979086826,-359.2431741572872,1.8280805200966175e-121,-17.239347528252647,-0.2568560311498513,-12.232635046540391,61.91872211829891,-1723.7277893687974,4.722522450688781
709,12.0,-5.019510841012542,1034.831666302369,-328.5865500626961,1.2312138297819895e-123,-4.605849738386329,-0.3508029582060201,-2.899300303196927,61.94004389778549,-407.6924469595639,0.2652842745453121
710,13.2,-2.625585283744832,1075.1447864919503,-335.77400487934096,8.292213336717422e-126,17.384401744196566,-0.5885421025751308,16.66934115012993,61.90268672474753,2333.71023820997,8.769554822143208
711,17.1,1.5478894213384446,1334.394153262997,-406.3240375284918,5.584964917257442e-128,55.14784213707549,-1.053192576824559,63.81539709957372,61.71969293229501,8839.228641148758,128.54876406808486
712,21.1,3.778892411608025,1691.4923466521775,-511.1306060287385,3.761208936940186e-130,58.90598113996539,-1.2689773754811362,86.00540728003288,61.39472946005365,11852.478702019498,233.56291434002188
713,21.8,1.1920532952857594,1840.7066328380272,-562.5521224766455,2.533312172553686e-132,14.191626581094004,-0.939932762656016,22.73586403892418,61.18792856669193,3178.641554512318,16.32531068428368
714,21.2,-1.1484716789496674,1796.8618107425043,-554.1557287853897,1.7060655750989485e-134,-5.612221788009161,-0.718140747541244,-6.222608909836892,61.17947298377632,-875.6616334005046,1.2228890699561925
715,18.5,-3.646043392220268,1598.820916750611,-498.7660922735843,1.1490249473302574e-136,-26.55483899752369,-0.429928883362435,-27.30077637747912,61.28576408053698,-3860.008507237706,23.536818906989723
716,13.9,-6.177849423143809,1272.890310053449,-404.17706553284927,7.738816413599983e-139,-46.05413240028021,-0.1251585055061351,-37.87563658501448,61.45533774601428,-5367.838056283698,45.294659612717965
717,12.0,-4.734022004707416,1089.0461730163388,-344.6113052001665,5.2121610516692784e-141,-14.803229810500437,-0.2493707626094891,-10.1414665722166,61.52528024839155,-1428.3884028758855,3.2471286909763992
718,12.0,-2.8883766955110377,1037.3915904087962,-324.75507080066154,3.5104914762652777e-143,-0.0357313690359686,-0.4124458385923377,0.1075728860193298,61.53451153028827,15.1164246703735,0.0003653421395395
719,13.0,-1.3085899075501664,1070.267086721498,-331.4236621759853,2.3641494815450205e-145,14.557194460585038,-0.563521223976903,13.921864835044788,61.49971093984411,1950.2671464210437,6.119324089020815
720,16.0,1.7404960107812284,1265.8816909815678,-384.8732749677307,1.5921425273009924e-147,42.8951650191696,-0.911052234525065,47.2997950960964,61.35971433865394,6576.2316092461215,70.64565884341486
721,18.5,2.739522141008505,1500.8906376318484,-454.8652219867255,1.072232465429288e-149,38.44182832718948,-0.9933842213569964,50.21755491079769,61.15062868637112,6977.232851985165,79.64622421893507
722,20.6,2.798459674876802,1692.5794100642097,-513.5891528170553,7.2209770181160706e-152,31.855399720797138,-1.0180972371535877,46.73998282679369,60.94659883711015,6498.530880064861,69.01065422188044
723,22.5,2.8622710500523034,1853.6171147188595,-562.8916989399637,4.8629854791128874e-154,28.56735505671344,-1.055566754200568,45.71598855077936,60.751541281783005,6355.316906311247,66.0323125560031
724,24.0,2.7036280983771444,1982.2144365187453,-602.7172356518784,3.2749900339985647e-156,23.31264189336976,-1.0629652474395848,39.78147073695554,60.57296775853837,5535.923540279965,50.00993592853703
725,26.6,4.076798803684176,2168.1068313556966,-656.8119263410032,2.205550431696228e-158,37.85287005271539,-1.2712358012184888,70.39490150875505,60.328162076075486,9723.47014390478,156.63144201803087
726,29.9,5.655343348051194,2432.257008265598,-734.4921538266979,1.485333590715151e-160,47.76073224437175,-1.4841129222716658,99.44479176670782,59.95393948812209,13634.441251559823,312.5713812361036
727,34.8,174.1226748689819,2799.9363226727087,-482.3665696624929,1.0003560501101562e-162,63.8166307637908,3.60822385991499,150.89338650845903,59.38642298765655,20411.080422316427,716.6352081610531
728,37.8,1500.9772978784624,3063.4088542577106,2311.592947713167,101.01503375395332,26.83659803574176,-29.92914400087023,23.713517220075516,58.97772493617964,3298.7227763447504,17.645293886779132
729,40.2,1835.1669416134275,3269.867018028216,2972.287982317285,107.43110436725516,21.669435679404742,-44.84070165331414,-31.75434710234504,59.04193353426999,-4473.3460709934525,31.6556395028292
730,41.6,1664.0720551467375,3414.2833020131416,2557.242968315464,106.96245312189085,9.360004072658496,-48.88169312421426,-56.72739610410267,59.27063277533215,-8041.339295323102,101.19746622337384
731,41.9,1336.082515718595,3463.617832166718,1831.453324496917,102.5620439899048,-4.828344228735352,-49.09828903126908,-68.56422649115774,59.57528899373641,-9753.638110667242,148.17054973461063
732,42.0,1177.003475126662,3465.105826016592,1486.3262432564595,95.24736243134348,-7.364827250452045,-44.61840927694554,-58.40807075632088,59.84880936738575,-8296.88593811165,107.74395456601552
733,42.2,1147.3908099481343,3465.428403658741,1422.0665366986,94.94919694487427,-5.811295418211325,-43.02958826699003,-51.296964104141885,60.07895326454658,-7279.514267584484,83.19238531708902
734,42.4,1139.767474873053,3473.532597296808,1403.0609750563174,95.8242253730043,-4.943309194623836,-43.47095083783087,-49.16798608979736,60.293194283805065,-6976.793989227766,76.4145270385678
735,42.7,1153.6176722036978,3491.4888307736223,1427.5567964359943,97.60729111947178,-3.478148101337041,-44.03644658220162,-47.06834500743611,60.49647376684831,-6678.199808954231,70.01390959744336
736,43.1,1175.6741497143614,3520.482934878104,1466.444045269872,99.80320078113976,-2.1338529572488056,-44.96211787338856,-46.03883290398542,60.693291772661794,-6532.964893050427,66.97198051173018
737,43.7,1231.77180976895,3565.0291090256183,1574.3127923564973,102.47325828680384,0.2472715026559056,-45.77171702944411,-44.47388906963589,60.88298177401623,-6310.872234672102,62.48499777192845
738,44.0,1156.091153280603,3601.1254180565275,1399.2552946426938,100.6175728388122,-2.7209644921390863,-46.678647381983424,-47.15291868412863,61.08662395889544,-6696.442873917414,70.22599263061689
739,44.1,1054.9310866917676,3616.1214632830433,1175.471300165212,95.61163946648372,-5.048628190340083,-44.825211165032286,-44.29844910532347,61.28621456559728,-6287.060626500347,61.96901976358061
740,45.3,1327.363573898357,3680.427606559283,1746.0004504225092,103.1412365400239,6.693390106790944,-43.19737317696533,-27.930795685206533,61.418452534494136,-3949.632831776845,24.632534712580863
741,46.4,1402.505664919117,3779.530995683506,1878.3797504087904,104.70954081217852,7.648301296419131,-46.71495194073039,-33.27368597862825,61.55189469383936,-4710.768880399448,34.95334235366759
742,47.2,1322.0253047613626,3861.342361576848,1678.8876095271607,103.99620970317224,3.691888302965154,-47.86388942833248,-39.837464087786266,61.71689835522531,-5648.296486101421,50.09581980302948
743,47.3,1087.1058758536608,3891.467961596047,1160.646541720233,99.8650269397765,-5.037750297611082,-47.93019381330232,-47.32360629776479,61.92124221599755,-6720.88666172653,70.67870896291936
744,47.4,997.804890867693,3894.2273499826665,966.3147451388364,94.98290978234829,-5.764367778101503,-44.28996080434395,-40.57032724307587,62.10780363087388,-5755.7128869943845,51.93644105583684
745,47.4,943.8915613415746,3889.4105465938674,850.9812967056846,92.42695676584192,-6.372923792031858,-42.924800167527536,-38.35040742556397,62.27755425436682,-5441.93111381971,46.4006802485652
746,47.5,954.6124245094863,3888.277940418988,874.5575864529229,93.17573028911896,-5.142019314690423,-42.39550177893605,-35.32987841159196,62.43253178689362,-5013.183927644747,39.37350138106744
747,47.9,1053.2709337508709,3908.0494352663673,1082.247531675654,98.78032857421522,-1.8673539739821423,-43.45972240841764,-32.86255998530634,62.571631326558496,-4663.220317200872,34.06155863828818
748,48.6,1200.2649806068712,3958.1911271428103,1385.340566405353,101.88375980672475,2.4703983897679285,-44.914135282381984,-30.712052968409683,62.70333488534603,-4358.370996891716,29.74572025802495
749,49.4,1272.371159292903,4027.44415808121,1520.3082260804142,103.06857514435376,4.178296187184198,-46.160063382434906,-30.74490024060866,62.83259857704813,-4365.41382761302,29.80568038855882
750,49.8,1159.5838133830143,4078.286674687147,1260.325198112873,101.88804124260125,-0.5553039957801088,-47.73012379907989,-38.56561683522615,62.99095076664215,-5488.985271316921,46.8907688201455
751,49.8,993.911076587447,4090.878953996109,897.5023132455173,96.91655938416434,-5.68805699111275,-46.36463279354644,-40.46872864613293,63.16834329402605,-5763.504329137397,51.624027111836746
752,49.7,893.4185721464901,4081.28908244858,682.7130963731408,91.2753650426898,-7.031050260690645,-43.13245508698103,-36.78183296174954,63.33453793595799,-5235.0430396943775,42.63930571433423
753,49.3,766.3014883681205,4051.6756388969934,416.3849096316676,83.99553100657114,-9.342388962046616,-40.65439623694138,-35.62647988645441,63.49489116819964,-5070.149865450433,39.99652629398103
754,48.5,628.7006135115203,4004.05362684612,132.87322559982638,51.356591730642585,-9.210805319467935,-28.008453970057477,-27.30934908752376,63.62862100846736,-3879.886397232172,23.498671496716
755,47.6,476.4630041702172,3925.611262492778,-172.89293545448768,15.675543254096189,-6.824052717074814,-9.972379914302667,-16.513363715466962,63.72274899773655,-2340.692829169612,8.591171732067934
756,46.3,114.01860688850292,3828.6910488265626,-928.4481860198084,-0.821841557545252,-7.435683728010368,-19.25292482686476,-5.361928225369779,63.792172047270455,-758.1859096723273,0.9057207313557228
757,43.7,-289.5745333266211,3629.7906972547135,-1741.8207893081883,-0.0016549959395657,-23.01279459616095,-3.3035928561343746,-50.354445144394845,63.97433136071554,-7193.038977776465,79.86414868583526
758,39.3,-305.17906105283555,3308.1570575654505,-1676.8843500334935,-1.114625452044875e-05,-42.487598215292,-1.3642686014706842,-90.9883930675339,64.34205033693702,-13122.304616256171,260.6721344538979
759,34.1,-282.15363317806083,2922.947793048956,-1508.7299847581546,-7.506473672946317e-08,-52.6384618009176,-0.916463804230052,-99.78006910117396,64.77582425586685,-14428.948756031348,313.3494483274306
760,29.0,-256.80625935447665,2532.4649018603777,-1333.9253061110298,-5.055253932992697e-10,-53.38759519647777,-0.7050334866284285,-87.96130901762157,65.17508289408653,-12701.273947676847,243.4208501769096
761,23.7,-233.71161328195333,2123.676492992197,-1158.381605984045,-3.404473717018646e-12,-56.77928171056444,-0.4817070816529299,-78.08451268904054,65.53530674491033,-11267.43312595066,191.75802786337576
762,18.4,-212.70912435421107,1709.0693962852577,-985.584429923952,-2.2927515498730293e-14,-57.88457350849708,-0.277944078276709,-63.74088323548976,65.83859156481891,-9180.333793495214,127.74179443278707
763,14.3,-192.56612076535336,1363.5977283158652,-835.8749260046911,-1.5441328100059554e-16,-46.10192183106655,-0.2199289876263943,-40.118156948764856,66.04143822776076,-5752.384624791055,50.59340598753241
764,12.0,-173.22635838454173,1138.9775868639122,-725.006463907141,-1.0399526436106209e-18,-21.44058865615413,-0.2914946964174569,-15.184131342542225,66.138371320532,-2165.5627187000905,7.246883912310952
765,12.8,-153.93342625664414,1114.2928852996888,-675.6270922471715,-7.004218559910145e-21,6.963385791091113,-0.5780559849710475,7.135876458680765,66.13578928242403,1012.7094520430692,1.6005421913268905
766,16.0,-135.4825228974315,1289.2520374649016,-689.363440830594,-4.717410694849932e-23,42.34659429392615,-0.9760998757519104,47.31769794191741,66.00792971202581,6654.367570342756,70.38388097386354
767,19.1,-120.36162012366276,1552.9070140756355,-737.5532569260374,-3.1769523224507088e-25,45.02095287902658,-1.1332278715221564,60.30974955073305,65.77474123364901,8448.659647787446,114.36644590358932
768,22.4,-107.21748590109844,1829.9024230936795,-794.1165885459136,-2.1395266835986268e-27,47.27263456181464,-1.2734503706858629,74.19632203496467,65.48594741858473,10348.87559813078,173.14467850852054
769,25.6,-95.67475446392432,2102.806420993053,-852.8940313223922,-1.440869728350027e-29,45.84726468178136,-1.3770118868759136,82.41259128013934,65.15166494155757,11457.19895947827,213.68367267164683
770,30.1,-83.82121801837273,2451.4477132349907,-934.2498231076872,-9.70357411286652e-32,61.991659241067225,-1.6700321268152385,129.84322097422466,64.68413777578216,17834.882052112345,530.6622799391417
771,35.3,151.01668861098074,2843.554981717986,-545.8224536279239,-6.53525126906058e-34,62.68584361646521,1.0820207445183885,149.4454622492068,64.0663015767,20410.76180271485,703.4014929668627
772,39.9,1446.8238911482538,3213.55806882012,2148.1592462576227,92.24349555955725,55.61799973619323,-2.266723343436907,149.3822624163698,63.42740983261484,20386.76914193007,703.2385743385532
773,44.5,2449.3197583707733,3613.0728058260215,4197.582118079001,106.40364919071756,50.63901574019208,-39.43775132062316,31.27594309307622,63.09900475681113,4383.190312014306,30.83631868335584
774,47.5,2230.225290503657,3910.13084414972,3631.6733698010617,109.01553239635746,29.947243127410417,-48.46787418179419,-28.92995600035933,63.19275087329266,-4109.745959655178,26.381416933224656
775,50.9,2384.3462769416656,4174.238405355812,3884.520335791312,109.08295136360012,32.761882770384084,-44.76542361250417,-12.089270072286322,63.26418738477329,-1711.0956822188216,4.606519501153036
776,54.1,2450.044423310052,4440.609731232161,3945.084804664448,105.68970254889834,32.46797639272022,-44.81239660414304,-8.046569259226931,63.31815145168223,-1137.9380715774628,2.0406650977375613
777,56.3,2192.450588083409,4647.064600581204,3323.577257459632,108.88975283667556,20.098106341661616,-49.6884780590138,-36.55111962199544,63.46245185479415,-5202.629944181313,42.10089804232216
778,58.1,2028.24189441596,4797.053956321618,2921.743686107808,108.46159694830156,14.120741064957542,-49.0912687645488,-40.70159707836296,63.64422214980583,-5799.812520076356,52.19597317510159
779,59.8,1984.729899396336,4926.441965650165,2787.7441300282712,108.24606420578966,12.810059321327325,-47.97436747165904,-37.06639656598472,63.81389011415997,-5278.48761351506,43.28166725943471
780,61.1,1860.5661870831077,5034.354048661066,2485.5911836427526,107.82721457733356,8.9385448717496,-49.22690667304207,-43.48051060019338,64.00117228556724,-6201.881189407954,59.54623356664077
781,62.1,1724.5561102408303,5115.202394192831,2166.0809236730142,107.23522673297546,5.298804957707385,-49.32708809231112,-46.865441009968,64.2047954388633,-6692.1481748922,69.16484061165401
782,62.8,1586.0579817157172,5170.602539076893,1848.9928475442,106.52951350871672,1.7879838873773828,-49.3668507743378,-50.42603252644107,64.4216358727984,-7209.050498147119,80.0569355791718
783,63.3,1478.9234428629236,5206.239176827493,1605.9272060614842,105.80888016860308,-0.5703701093660198,-48.94900144188698,-51.10507949929429,64.64478517702254,-7310.158498602816,82.20992317943245
784,63.60000000000001,1378.2693246799931,5226.4175379812505,1381.648191157601,104.6963936908232,-2.589955997764913,-48.67834678485545,-50.10739242315591,64.86540171107697,-7168.720030668931,79.01462681254509
785,64.0,1388.5991196626478,5246.583755262069,1397.838608078619,104.59949298179671,-1.4041652333298664,-47.32225581820876,-45.31716893789684,65.06662763795063,-6479.914289917988,64.61677805230353
786,64.7,1521.0653007346073,5288.537524291332,1671.9685753056883,105.84438889721064,2.701247092475137,-46.41920836434423,-36.76425903664179,65.2357357196075,-5250.71168409279,42.52072669625466
787,65.2,1500.3849444464006,5336.233064607694,1612.5165919977374,105.93872264202076,1.8077347710781997,-48.59359199614061,-41.14015608595015,65.40690147403797,-5885.502909329837,53.23647934304565
788,65.3,1321.6615891018778,5358.731456660948,1218.3746822046355,104.20186062648774,-2.8984719007502595,-49.83985671671854,-46.94756927027466,65.6074509396571,-6730.451748163226,69.31381272875343
789,65.3,1201.879735525374,5358.282408448917,958.9858530572131,102.47719700192464,-5.122958736421324,-48.27443446125865,-44.71243237686964,65.80486489545515,-6412.089678637747,62.85901385275415
790,65.4,1203.1313039316012,5356.250144286572,962.322074829559,102.21530708714796,-4.214603160206133,-46.7449649873214,-40.60460709067041,65.98510710772977,-5822.075660717924,51.83059222559444
791,65.7,1293.910141421353,5369.495334630519,1154.943285588086,103.27151619078234,-1.4334327836481495,-46.18753178401101,-36.63541918186578,66.14580248928299,-5249.688859958636,42.18622073522502
792,66.0,1333.1822922863346,5393.943227138492,1232.5265441508018,103.91068337470102,-0.5274233042455455,-47.24281153416471,-36.957401182242926,66.30297360511463,-5297.269510074132,42.9245102086881
793,65.6,1049.2801914566382,5393.041887275214,617.6822228998471,100.46603319990726,-5.50251802838612,-51.03190233656456,-38.036177757733945,66.48642139926828,-5454.487975168067,45.45895348589789
794,63.5,527.4312985619192,5288.582009404761,-480.91061963571127,-5.016316302994706,-22.46417254849203,-7.653549001665924,-72.7818897588173,66.6407609245125,-10518.67441132974,166.42084605197556
795,59.7,368.878124936396,4981.068264891151,-730.0400519879977,-2.68078639054316,-35.89163033616615,0.4788201655975858,-116.99149954209597,67.1161170826444,-17082.444805601463,429.80412422998296
796,54.6,356.86653878625617,4642.681197332635,-652.2381315013834,-1.9180399340838148,-44.95351052399205,-31.74877947736784,-121.36910530742276,67.67232037438656,-17760.323836706157,462.3226576816536
797,49.3,-256.8335118707722,4259.576576209178,-1864.2374674815412,0.0319138456994889,-48.738616934632695,-4.160116432452244,-131.75814340825156,68.23374458855588,-19346.98423085474,544.5633499032429
798,44.9,-293.21831189825934,3871.274243260468,-1823.8501438856624,0.0002149246117663,-51.914427244233,-1.618126004684591,-131.0991851949771,68.79956741311265,-19269.36386369116,538.8353583637447
799,42.3,-270.48477406745184,3618.057777408346,-1696.856745220296,1.447487235295079e-06,-29.28371773243421,-1.431041333096696,-67.52269577261802,69.14261019717753,-9798.977257151331,142.89323550553618
800,41.4,-243.7116789749544,3491.712559839565,-1600.057923852447,9.748632150732394e-09,-9.87997783541426,-1.5189553399034683,-20.20858089032568,69.27023045876261,-2904.061828023192,12.797648675585856
801,41.3,-219.3023414894638,3436.795228328853,-1530.310886692827,6.565241306167899e-11,0.2647930308770067,-1.579583454469642,2.9418871835425207,69.27960329071301,420.642120481901,0.2712105896914393
802,42.1,-196.8531605687482,3449.754504414728,-1485.6473885824348,4.4213785833507973e-13,13.649662431279555,-1.6992114445676707,41.56965525853772,69.17560506283559,5891.245696327816,54.15656614880975
803,44.7,-175.05609513517842,3611.404416162604,-1488.0483517693478,2.977588738276476e-15,39.014830003645024,-1.9969490374237244,118.57893544857896,68.80980861648874,16501.250481619947,440.82569212280544
804,48.4,80.17714209866921,3872.0915671401344,-1015.0845914147216,2.0053623494653578e-17,47.02192228284094,0.3450404815484906,147.83589702087951,68.21031029800089,20410.218654596563,685.5878398393878
805,51.4,203.25105936583475,4115.1836643292845,-822.9988857605721,0.3304673194981624,44.72296728684404,18.5393337392077,147.36222921100108,67.57806895333817,20316.731420295306,681.6175262772671
806,52.7,1563.8466214235968,4334.97641273311,2057.408928965284,103.91266262910176,17.403546885936606,-41.07565588688483,6.2993091154724015,67.14297242398318,895.4320299261393,1.2460531074098522
807,53.0,1324.8801737680544,4393.442978036946,1521.7072910952493,103.74433448687836,-3.357089608151236,-50.22507878415617,-57.27911657836706,67.32420117057451,-8260.122072829388,103.00715662656852
808,52.5,965.6608290883582,4388.247649713518,745.0011701676883,61.47565271898623,-5.094513976190072,-34.687953404461986,-30.335137104971857,67.52346717857999,-4350.9468999189785,28.8857197267711
809,51.3,66.37666897131598,4285.157232389459,-1171.79956080537,0.7101053122416008,-12.05599637091864,-10.613444674589587,-23.44283467499215,67.63951017321659,-3358.2080091589087,17.248958599844823
810,49.7,-139.52999511170506,4134.061452309751,-1571.5437682368547,0.0082878559315889,-13.872051703077396,-2.662218216802375,-34.346536174990064,67.77988509458238,-4933.521573755909,37.02113049479057
811,47.4,-148.4559826016782,3943.529436730593,-1532.3873361793912,5.581477817639109e-05,-20.47849972320496,-1.675520246082583,-51.36081638947025,67.99125600924707,-7408.46821926174,82.76734076176653
812,43.7,-138.45426947908945,3661.9987073447846,-1424.282606419288,3.758942377953875e-07,-35.34688865231638,-1.3223945656011884,-83.90206288948258,68.3344300489192,-12196.47801476766,220.79870587179045
813,39.7,-126.83444496368668,3354.6890258488224,-1304.7568234300563,2.531469378028968e-09,-39.58548668460494,-1.1310384991258458,-85.7066070839371,68.70771743052107,-12473.038645466886,230.31554363156377
814,35.5,-116.06934786215714,3029.5152261415465,-1181.5983377905209,1.704824540403481e-11,-42.7356193496719,-0.9528939170058476,-83.12996622073828,69.07532014539971,-12101.696108119391,216.59856666888652
815,31.1,-106.38380241003352,2687.2839443539824,-1055.5419475247277,1.14811845593997e-13,-45.79633374132261,-0.7698039051267684,-79.30513304974615,69.4282700262915,-11549.820389288006,197.0583269950401
816,26.3,-97.90370210989808,2315.9025268883283,-923.1478240920038,7.732033166052439e-16,-50.89972786770917,-0.5561341641765192,-75.93896606343966,69.77071324691964,-11064.988448556462,180.62495095961685
817,21.9,-89.60796963513677,1963.7588861559743,-797.0590703949567,5.2071575516995974e-18,-47.59439262012759,-0.4248823323871513,-59.79859499882328,70.05256196085837,-8690.967327779068,111.97264621758764
818,18.0,-81.82610860305074,1642.9310234504949,-681.6984750852612,3.506773598342612e-20,-42.61051448333954,-0.3232937070634961,-44.483956495465165,70.26639622755368,-6446.647707760268,61.95080382143447
819,17.0,-72.25291336347057,1502.7188057370176,-617.9081343993595,2.3618252553010264e-22,-12.35245459079396,-0.5313970804844653,-11.327210969499472,70.3428838821684,-1630.0441020877029,4.016557291614782
820,18.0,-63.229551571916566,1512.3337762201577,-601.3075893028181,1.5906262378962103e-24,12.053220422629993,-0.7612719287815186,15.977427973647876,70.31310733310391,2285.4396472325293,7.991609197334111
821,21.4,-53.56149454277055,1719.7664005040235,-644.0439047023277,1.071214298769707e-26,46.99643717848304,-1.1734680655919485,68.45902827907624,70.11597218837899,9676.042506722022,146.74550264074398
822,24.8,-46.31728796142305,2014.5921731683172,-718.8694159370409,7.214120148653053e-29,50.00348683955002,-1.3495550936591636,85.03749916300319,69.78332387391417,11962.549329865313,226.4978298077748
823,27.9,-40.87278371811921,2289.7381896566103,-791.5482506293222,4.858367702799913e-31,45.365896840258834,-1.4300549875189903,87.30576575073657,69.41729954688829,12258.781388045123,238.82657653493703
824,30.8,-36.21416891315808,2533.8607271478845,-856.404138000787,3.2718801807059394e-33,41.29093512594928,-1.4962204911059909,87.72446395109709,69.04635983777693,12299.47884506912,241.20925780363837
825,33.0,-32.5540367955706,2724.880975378726,-907.1208975409402,2.2034560930262278e-35,32.51566244439659,-1.4962112814559092,75.0056682493855,68.70723042036606,10537.750651676391,176.39367844930138
826,35.1,-28.926741070336384,2890.7739245183902,-950.1928312958196,1.4839231529703684e-37,31.10928955092577,-1.5496894587430532,76.357791570187,68.3868301674016,10717.188828463368,182.86727131145688
827,37.1,-25.52887363721381,3049.81791590089,-991.6600815048248,9.993518504365797e-40,30.43724591765031,-1.6103153480773231,78.91573603197448,68.05644681411226,11062.09705705841,195.3867244911688
828,38.9,-22.572058377228725,3197.218114052103,-1030.5083172091531,6.730160648628678e-42,28.5600284818908,-1.655780143971942,77.67347087451829,67.72449952297978,10882.50066441279,189.3443840920889
829,41.4,-19.05040711272119,3381.91476877002,-1079.5814960454172,4.532443937194116e-44,37.36868735834853,-1.8144794194935576,106.74409637597084,67.32397396435329,14843.7470943657,357.73596348748526
830,44.0,-16.005187206036297,3595.9248567259074,-1138.689577159141,3.0523859854658197e-46,40.08245945599612,-1.9347587245215672,121.19049655804932,66.83280154050884,16780.610988856344,461.3364540293597
831,46.3,-13.794574241779948,3796.939273086528,-1195.6158704557142,2.055637164711632e-48,36.80477281044451,-1.992546027392832,117.03760204255804,66.32581663201995,16209.63167282801,430.4708689111691
832,47.7,-12.673941980519366,3936.035187897879,-1235.8941367709042,1.3843741168595374e-50,25.715847396326488,-1.9492464486656609,85.15840850413609,65.90388648148807,11869.604071420756,227.99462501749363
833,48.2,-12.209733589397768,3992.571568023016,-1252.246195373346,9.323102969387474e-53,13.179319720147776,-1.8549138588990728,45.17190582853733,65.63844047772739,6345.842227879593,64.16784133326088
834,48.7,-11.228797872307704,4015.87542171934,-1257.273100859068,6.2786675884247765e-55,11.524100292114571,-1.8452484394517723,39.97630013183771,65.46294042806922,5618.343613936234,50.26425048406599
835,49.3,-9.902674437532246,4046.833995141255,-1263.904107326037,4.2283847786919534e-57,13.669265533299328,-1.876270832300859,47.59366538853872,65.27573789427612,6672.219523471741,71.25750634123678
836,49.8,-8.760768660090804,4082.379610746361,-1272.343730807164,2.847616565915293e-59,13.69952305064973,-1.891669997809924,48.26566196031616,65.07083253153284,6759.531231426834,73.29840653083153
837,50.2,-7.832270530058243,4113.546762885643,-1279.901049324582,1.917734674322544e-61,12.848536866168503,-1.8970161557430611,45.83501923222226,64.87079961873914,6419.154745079766,66.1144618108489
838,50.9,-6.648339634951012,4159.718559127146,-1291.5104594693516,1.2915033312839597e-63,16.471698232933363,-1.94972928122274,59.14828574966276,64.64437549265665,8255.407275068868,110.12365110419536
839,51.8,-5.441754588638252,4228.804770151811,-1310.107071059499,8.697662283792152e-66,19.820614112954598,-2.010883323683737,72.38020838191652,64.35960202329787,10066.673473072078,164.95099603521427
840,52.5,-4.703580945520647,4295.547138237854,-1328.9999061476713,5.857462955801536e-68,18.09889422716573,-2.0245013963901326,67.59536729511456,64.06042426892509,9406.080394044846,143.90442215797495
841,53.3,-3.961704122921848,4360.439415607989,-1347.314936389768,3.94472343936861e-70,18.67980715661677,-2.057705575301326,71.0689770431527,63.76436403117697,9878.0411048447,159.11973895446226
842,54.5,-2.8802676509258185,4448.981097911643,-1372.1547599892117,2.6565841099672423e-72,23.53087353916193,-2.1408515835670565,90.63948598766343,63.4150672127978,12537.559770386084,258.9075053822349
843,55.7,-2.036462301605366,4551.777758293475,-1401.887846744976,1.789083377277283e-74,24.673312417021734,-2.196486598952832,97.43988286228333,63.01045543020538,13451.358201652898,299.3313170288701
844,56.5,-1.7968452481390758,4633.398051170876,-1426.4287733782437,1.2048627855751783e-76,20.103166948008543,-2.1894736851935543,82.39040627823317,62.62872250334498,11394.570897862452,214.0874490977202
845,56.8,-2.0014025412046075,4671.590725975727,-1438.598207124604,8.114179308251371e-79,13.123265838576511,-2.14049521674113,55.10510343545526,62.34176801013892,7659.039818187975,95.79464858334076
846,57.0,-2.039150042181856,4683.092963970944,-1442.2102098854316,5.464514850545728e-81,10.476959229599505,-2.1198134375321533,44.616800121932506,62.134223694308346,6210.554945494272,62.8117637770059
847,57.2,-1.8566379385086147,4689.874347859437,-1443.8962243096205,3.680091530818035e-83,10.481282287045374,-2.121821662825169,44.73798876899866,61.945059091581975,6223.688269698231,63.16491650969096
848,57.7,56.64658825578258,4712.990008571417,-1324.2454712926592,2.4784327414595758e-85,14.497581560602551,15.789807866559991,43.899651238102415,61.720061059050416,6108.7439169596655,60.83295876101175
849,58.70000000000001,953.200595971848,4746.862672552883,607.8835822205418,77.11776366032828,2.8930711462156617,-13.899514591327195,7.42599670477106,61.50077897934225,1041.7807914533255,1.7410758361213008
850,60.1,1998.015796383832,4821.549890289859,2848.7371402396143,107.3617726930533,11.432924609097784,-37.47840028539423,-24.20964207854814,61.55032294888887,-3420.5709615876463,18.503942746008317
851,61.1,2164.575958770265,4942.9707731064245,3172.3350473046044,108.79845316949906,11.645580506908573,-47.75319278850696,-54.35404118796005,61.74015701472085,-7731.394765071002,93.2549948596001
852,61.7,1976.956251056528,5034.043469810938,2737.863922476213,108.33342168610328,5.319827231376697,-50.8012371961884,-70.04231244535329,62.02747431163428,-9998.710260847529,154.81377750475104
853,62.3,1854.2491466005704,5097.177962577946,2452.6162751974293,107.80693590745896,2.801460336688298,-49.55225602695495,-67.53596926609042,62.32250830904968,-9647.343742217892,143.8917554573813
854,62.9,1789.605262449715,5150.350423198817,2296.230020512677,107.49372656329746,2.0446750511741496,-48.92137446911204,-64.00188037440579,62.60353945253853,-9145.984133479084,129.1914852223622
855,63.3,1676.080863261327,5190.02782590641,2038.0784922725968,107.00004706192706,-0.3690214241706585,-49.51803158122768,-65.65632761108947,62.88756381768601,-9396.837541468618,135.9199183176699
856,63.4,1505.95220536195,5205.351760977154,1664.7614702658957,106.10703067792689,-4.273279733965756,-49.98517481140809,-66.48956395630029,63.17791120010422,-9523.985614369498,139.35281131563622
857,63.5,1431.5711567398089,5207.64563029965,1502.8990495565308,105.26063636833342,-4.921803162532171,-48.55710067683254,-61.61748861972002,63.45149523688119,-8819.107270459861,119.64720331513742
858,64.5,1746.0456314906662,5255.574774588199,2169.547499567532,106.9693403290335,5.468835420666465,-44.2967978876812,-37.75945822424264,63.64531930174879,-5377.071662045124,44.92262734297204
859,65.8,1991.9407738666223,5357.899662145739,2670.9034723465115,108.12977507841998,11.856686175539483,-45.9294184703724,-27.993335526416697,63.77309984879312,-3978.251784675812,24.68707179650342
860,66.8,1940.047218963659,5462.6712205116055,2526.298941669614,108.12043444164418,9.542559244291162,-49.3597360959262,-38.76681623241061,63.9279368260752,-5523.356483061039,47.3386519087299
861,67.4,1727.5922795812653,5533.349852004619,2044.2798665208827,107.32510455991893,3.7401579369288673,-50.86330260452436,-49.81868685831857,64.1329823269335,-7117.564719268704,78.16179371515223
862,68.8,1965.090406182721,5621.924868177505,2531.6680940537294,107.99426082777195,11.001563766033147,-45.0574667180029,-22.874189247872124,64.2634002280378,-3249.383865112527,16.475814714944928
863,71.1,2452.296773476968,5788.576228714975,3536.1198533198813,98.75618870188448,25.734615697128568,-39.10439449223168,29.63275236738645,64.2219305690525,4160.178539169938,27.65137862026376
864,72.3,2139.490744466954,5937.196667947513,2812.735354942182,105.78922296928836,14.27635999506303,-49.99172909596951,-23.074369003499758,64.24637796948045,-3277.8437319568307,16.76572191820179
865,72.8,1745.5318160758934,6003.497076992057,1938.8046059037065,107.4962764231862,2.6846169162537192,-52.86150220152887,-52.46402097085394,64.44671906751522,-7504.108748371037,86.65667618772979
866,73.4,1645.9927935298283,6038.198682808951,1712.4849667868248,106.79750232153656,1.2726497185370391,-48.85181106125291,-46.23349484706996,64.65621293803815,-6606.366270666579,67.28291157295996
867,74.6,1917.6215312913628,6103.493565578531,2280.96891578054,107.77902402423544,8.51967978883182,-44.76105734954339,-22.060007644642965,64.78382134313246,-3136.1265313591416,15.316139315257752
868,76.0,2158.668630279594,6209.975869530498,2770.545810570301,106.47185806453136,14.064991762334651,-45.13213556938681,-8.777547744243488,64.84455333148175,-1244.31697863391,2.4247055365593244
869,76.6,1891.2814165967472,6292.14951600691,2165.9741458891244,107.97995905240371,6.14074040101475,-52.041531379078194,-40.82239968588078,64.98164766455184,-5829.6295688575065,52.43875230902018
870,76.5,1453.15465280706,6306.661976092345,1212.2439460403616,105.96302754505184,-4.04028540958336,-53.45898492861099,-55.96667720031429,65.21807620291506,-8026.456379045118,98.54066180731157
871,76.2,1122.2136459175413,6290.927721936267,500.0381015953172,101.99009569411376,-5.354532337395831,-52.92069114231153,-37.54124827736721,65.42601308259717,-5366.845177162295,44.32889250731516
872,75.8,782.4859773263636,6266.207146438239,-228.44806599681488,86.73428696223,-5.3065935895094265,-47.03942098732252,-12.759069484214084,65.5358195906308,-1814.904710315021,5.119900683203286
873,75.4,608.9584334976666,6211.709561048159,-587.6921448723159,55.20217324651527,-5.991254232279334,-29.986727110688225,-8.12513245829667,65.571404750036,-1154.7337580158808,2.0762017115574736
874,74.8,518.3479010472374,6132.39208512695,-759.6650811912834,43.4670573757136,-6.349923695075256,-21.921367862328367,-9.511652286630614,65.60984877097813,-1352.415600392705,2.845145584270826
875,73.9,522.7148112926703,6050.36047801695,-725.0177465830707,41.17107170029901,-6.494858411789782,-20.594210384791765,-11.169993624320584,65.65340277295549,-1589.0767286846365,3.9235590404165688
876,72.7,496.9285030394026,5957.200025022957,-752.2849772636132,20.533985252958047,-6.404603578933975,-12.486198868871092,-15.262693145025894,65.70896396921478,-2173.780944381103,7.325098044186313
877,71.3,436.32804183505147,5846.622845344053,-849.6384152598846,-3.3264968345416235,-5.525614140524317,-1.385808497341123,-19.17519830637828,65.7823785929192,-2734.201070361635,11.561125285283206
878,70.4,433.9102071905509,5748.185714435487,-824.6561347180685,4.447752165066054,-2.8449466209152896,-2.3054818897154163,-8.520646847333886,65.8405657980651,-1212.407237344489,2.2826596583905907
879,70.0,538.6977765702859,5680.372492312379,-576.8012539806921,42.90437303243141,-3.571891161315402,-16.91852846346246,-3.644397611925116,65.85226343465173,-518.0278885560616,0.4175828406990614
880,70.0,1165.4087435866347,5644.388050277088,792.1264319737894,97.56735811745062,-4.37169759278074,-34.619546953193606,-30.267543853652462,65.9304670186543,-4329.0693215540805,28.80134524663841
881,69.0,1036.0166992841416,5632.231566084049,515.509869711535,96.82635395406228,-5.593949567951569,-51.40017716390079,-36.43446591329559,66.10548143532543,-5220.420311795049,41.72631020546831
882,68.0,756.6793413591068,5593.101872776233,-77.70347227818687,45.411882855869045,-5.464209753324747,-28.084634990056397,-18.024292542744828,66.21311330141091,-2572.486123519521,10.21072479488477
883,68.0,718.9526418122898,5530.812138096653,-140.330241549101,69.52085603840005,-5.702389541767574,-23.29094997329941,-16.008641988576827,66.26992421764932,-2283.944260226093,8.054253961828952
884,68.0,1178.485803083543,5506.329577181274,862.847063824114,99.60257803989052,-4.6766270058444,-39.14842936440144,-35.01382845946153,66.3816943739853,-5017.04666698966,38.52554075044792
885,68.1,1437.5337046999173,5522.359205609521,1419.195582843245,104.81404799083428,-0.4489190332441949,-45.93727619944778,-41.21896910695,66.54342580557943,-5915.432939784998,53.38215230955176
886,68.4,1544.469192725235,5560.730411484295,1639.1082316822497,106.09562666608356,1.899328847767892,-47.674597373025485,-39.94407666508272,66.71336582701505,-5732.123226372552,50.122813174227936
887,68.6,1493.23895972997,5597.372871626695,1516.8588177152044,105.92795935958657,0.4260728025185612,-49.31521149639413,-44.45785359348317,66.89663402907138,-6387.668359074139,62.07988297147302
888,68.7,1391.669460631232,5619.031190446325,1290.1421794970104,104.89080588118844,-1.771807970954492,-49.3322725309784,-45.10489287398596,67.09167965882266,-6483.782195160683,63.88803234596714
889,68.5,1199.9052202023483,5619.071909266026,874.6411973724349,102.69937713944736,-4.664780240316585,-50.376201217852426,-42.74782638866,67.29024776204429,-6144.620731832535,57.37425750362724
890,68.1,906.452791333188,5612.307427975714,240.90536510486112,91.91259396298392,-4.536257527808843,-48.78145558883473,-23.890290896372782,67.43656145320274,-3421.0417707112924,17.91721754743004
891,67.3,631.9309948709475,5568.262483623825,-340.3654346830305,28.89420854415578,-4.613507124280611,-21.21874514020128,-10.37622580743328,67.49991173935848,-1481.6651940468794,3.3797141479995325
892,66.2,412.1946338407389,5463.0394039360135,-784.1591065595999,-6.553136182217356,-5.824916702367676,0.6272022338183657,-20.33537055845392,67.56113849856276,-2910.549416995242,12.980148499878124
893,64.8,414.68434188954296,5333.593493090244,-739.0238191649465,-4.189571674514891,-7.966127668015279,1.1027668868285048,-27.31451361198832,67.67660544406667,-3916.480954795344,23.41607086646525
894,63.60000000000001,444.9986171605922,5223.80438199788,-639.6356973882506,-4.30181674334288,-5.406958426165696,1.249075600006076,-18.397638721549363,67.76425038840863,-2633.325679519079,10.622200941363118
895,62.6,474.0708107702226,5131.862139486145,-548.418108387986,-4.323079919915881,-2.925778471906604,1.309823192798666,-9.991631844926683,67.81499998923681,-1427.6740528154508,3.132866664701317
896,62.1,508.76703936341306,5057.80039477482,-450.5074251134248,9.906969202559404,-0.4005178352817592,-3.457251430972817,0.174553839866294,67.837281494302,24.887056080258635,0.000956133505239
897,61.9,659.5581995119638,5011.920216586686,-109.7090576316816,58.96563078460566,-3.748033574464186,-19.19023758532001,-9.583872679538176,67.84054299694078,-1369.3562177717529,2.8823082645769933
898,61.9,1124.864002558318,4996.46415642291,903.2029621219052,96.46260071858072,-3.4941856142332712,-38.28512950060589,-30.57432264458356,67.9334253655409,-4389.609929953277,29.33142090692221
899,61.79999999999999,1289.6210843545805,5008.033567349589,1256.6246034481906,103.18324250570312,-2.754138175621084,-46.51940605647869,-43.905364157096,68.09912932224177,-6324.196500957007,60.47628402487596
